tweet,sentiment
"RT: This product broke after one day, complete waste of money",negative
"Complete failure, nothing works as advertised",negative
"This ruined my entire day, absolutely unacceptable",negative
"RT: Perfect weather today, feeling blessed and happy",positive
The new policy will take effect from next month #trending,neutral
"This ruined my entire day, absolutely unacceptable",negative
"so frustrated with this company, no response to emails",negative
The store closes at 9pm on weekdays #trending,neutral
"The new update is incredible, so many great features 🙌",positive
The package is expected to arrive in 3-5 business days,neutral
Comparing different plans before making a decision #trending,neutral
"RT: Thrilled with the results, hard work pays off!",positive
"So happy with my purchase, fast delivery too! 🙌",positive
"Worst experience ever, will never come back again",negative
checking the schedule for the upcoming events,neutral
just had the best coffee ever! loving this morning ☕😊,positive
"the worst movie i have ever watched, total waste of time",negative
"Thrilled with the results, hard work pays off! #trending",positive
Reviewing the terms and conditions of the service,neutral
Traffic was normal today on the highway,neutral
"So happy with my purchase, fast delivery too! #trending",positive
RT: Grateful for amazing friends and family today 💕,positive
"thrilled with the results, hard work pays off!",positive
RT: Watched a documentary about climate change last night,neutral
"Terrible customer service, waited 2 hours for help",negative
The new model comes with updated specifications,neutral
RT: Watched a documentary about climate change last night,neutral
"awful food, cold and tasteless, total disappointment",negative
"This made my day so much better, thank you! 🙌",positive
"This product broke after one day, complete waste of money",negative
"Horrible app, keeps crashing every 5 minutes",negative
"Horrible app, keeps crashing every 5 minutes",negative
"fantastic experience at the restaurant, will definitely return",positive
The meeting was rescheduled to next Tuesday #trending,neutral
"Perfect weather today, feeling blessed and happy",positive
Amazing product! Highly recommend to everyone!,positive
Reading about the latest technology developments,neutral
"Great customer service, very helpful and friendly staff #trending",positive
RT: Impressed with how fast the support team responded,positive
"RT: Poor design, difficult to use, and crashes constantly",negative
"RT: Excellent service as always, never disappoints",positive
"This is absolutely wonderful, exceeded all my expectations! #trending",positive
"Outstanding quality, worth every penny spent",positive
Best day ever! Everything went perfectly today 🎉 #trending,positive
"Worst experience ever, will never come back again #trending",negative
RT: Fed up with these constant delays and poor service,negative
The new policy will take effect from next month,neutral
"RT: Excellent service as always, never disappoints",positive
Attended a conference on machine learning today,neutral
"Terrible customer service, waited 2 hours for help",negative
"Complete failure, nothing works as advertised",negative
RT: The meeting was rescheduled to next Tuesday,neutral
"This is absolutely wonderful, exceeded all my expectations!",positive
Reviewing the terms and conditions of the service,neutral
"Thrilled with the results, hard work pays off!",positive
Heading to the office today for some meetings #trending,neutral
Never again! This company does not care about customers,negative
"RT: Thrilled with the results, hard work pays off!",positive
Reviewing the terms and conditions of the service,neutral
"RT: This product broke after one day, complete waste of money",negative
Impressed with how fast the support team responded #trending,positive
"Thrilled with the results, hard work pays off! 🙌",positive
"Great customer service, very helpful and friendly staff",positive
"RT: Fantastic experience at the restaurant, will definitely return",positive
"RT: Perfect weather today, feeling blessed and happy",positive
"Broken on arrival, no return policy, total scam",negative
"Complete failure, nothing works as advertised",negative
"So frustrated with this company, no response to emails #trending",negative
"RT: Very disappointed with the quality, not as described",negative
Amazing product! Highly recommend to everyone!,positive
"Extremely disappointed, this did not meet basic expectations #trending",negative
Watched a documentary about climate change last night,neutral
The quarterly report will be released next week,neutral
"RT: This product broke after one day, complete waste of money",negative
"RT: Great customer service, very helpful and friendly staff",positive
So excited for the weekend! Plans are amazing #trending,positive
RT: Looking at options for my next phone upgrade,neutral
RT: Reading about the latest technology developments,neutral
Looking at options for my next phone upgrade,neutral
The weather forecast says it might rain tomorrow #trending,neutral
"Very disappointed with the quality, not as described",negative
"complete failure, nothing works as advertised",negative
"RT: Excellent service as always, never disappoints",positive
"Terrible customer service, waited 2 hours for help #trending",negative
heading to the office today for some meetings,neutral
"RT: So happy with my purchase, fast delivery too!",positive
The new policy will take effect from next month #trending,neutral
"Complete failure, nothing works as advertised",negative
The office will be closed on public holidays #trending,neutral
RT: Heading to the office today for some meetings,neutral
Amazing product! Highly recommend to everyone! #trending,positive
"This product broke after one day, complete waste of money",negative
comparing different plans before making a decision,neutral
"Disgusting behavior from staff, very rude and unhelpful",negative
"RT: Terrible customer service, waited 2 hours for help",negative
"This made my day so much better, thank you! #trending",positive
RT: The meeting was rescheduled to next Tuesday,neutral
the meeting was rescheduled to next tuesday,neutral
"RT: Excellent service as always, never disappoints",positive
"Horrible app, keeps crashing every 5 minutes",negative
The new model comes with updated specifications,neutral
"Love this app, makes my life so much easier!",positive
"Love this app, makes my life so much easier!",positive
RT: Fed up with these constant delays and poor service,negative
"So frustrated with this company, no response to emails #trending",negative
"great customer service, very helpful and friendly staff",positive
"Horrible app, keeps crashing every 5 minutes",negative
"Perfect weather today, feeling blessed and happy #trending",positive
"outstanding quality, worth every penny spent",positive
"this product broke after one day, complete waste of money",negative
traffic was normal today on the highway,neutral
"RT: Fantastic experience at the restaurant, will definitely return",positive
Updating my software to the latest version,neutral
RT: The new policy will take effect from next month,neutral
So excited for the weekend! Plans are amazing,positive
Looking at options for my next phone upgrade #trending,neutral
RT: Just had the best coffee ever! Loving this morning ☕😊,positive
"Excellent service as always, never disappoints #trending",positive
"Terrible quality for such a high price, not worth it",negative
"This product broke after one day, complete waste of money",negative
Attended a conference on machine learning today,neutral
"RT: Customer support is useless, nobody answers",negative
so excited for the weekend! plans are amazing,positive
"RT: Complete failure, nothing works as advertised",negative
"Terrible customer service, waited 2 hours for help #trending",negative
Comparing different plans before making a decision #trending,neutral
"So frustrated with this company, no response to emails",negative
life is good when you have great people around you,positive
"RT: Love this app, makes my life so much easier!",positive
RT: Best day ever! Everything went perfectly today 🎉,positive
The office will be closed on public holidays,neutral
"Extremely disappointed, this did not meet basic expectations",negative
"Extremely disappointed, this did not meet basic expectations #trending",negative
"Poor design, difficult to use, and crashes constantly",negative
Grateful for amazing friends and family today 💕 🙌,positive
"This made my day so much better, thank you! #trending",positive
"this made my day so much better, thank you!",positive
"Very disappointed with the quality, not as described",negative
Delivery was late and the package was damaged,negative
The weather forecast says it might rain tomorrow,neutral
RT: The quarterly report will be released next week,neutral
"This is absolutely unacceptable, I want a refund",negative
RT: Watched a documentary about climate change last night,neutral
RT: The package is expected to arrive in 3-5 business days,neutral
The new policy will take effect from next month,neutral
"just finished an amazing book, totally recommend it!",positive
RT: Reading about the latest technology developments,neutral
Looking at options for my next phone upgrade,neutral
looking at options for my next phone upgrade,neutral
"just finished an amazing book, totally recommend it!",positive
"RT: Terrible customer service, waited 2 hours for help",negative
Comparing different plans before making a decision #trending,neutral
impressed with how fast the support team responded,positive
traffic was normal today on the highway,neutral
"Excellent service as always, never disappoints #trending",positive
"Customer support is useless, nobody answers",negative
"So happy with my purchase, fast delivery too! #trending",positive
RT: Reading about the latest technology developments,neutral
"Extremely disappointed, this did not meet basic expectations",negative
RT: The package is expected to arrive in 3-5 business days,neutral
"Awful food, cold and tasteless, total disappointment",negative
"RT: This product broke after one day, complete waste of money",negative
"RT: Fantastic experience at the restaurant, will definitely return",positive
So excited for the weekend! Plans are amazing 🙌,positive
"RT: Terrible quality for such a high price, not worth it",negative
Delivery was late and the package was damaged,negative
Best day ever! Everything went perfectly today 🎉 #trending,positive
reviewing the terms and conditions of the service,neutral
Reading about the latest technology developments,neutral
"Thrilled with the results, hard work pays off! #trending",positive
The store closes at 9pm on weekdays,neutral
RT: The new policy will take effect from next month,neutral
"RT: Very disappointed with the quality, not as described",negative
amazing product! highly recommend to everyone!,positive
Looking at options for my next phone upgrade,neutral
"so frustrated with this company, no response to emails",negative
Watched a documentary about climate change last night,neutral
"the worst movie i have ever watched, total waste of time",negative
So excited for the weekend! Plans are amazing 🙌,positive
"Awful food, cold and tasteless, total disappointment #trending",negative
"This is absolutely wonderful, exceeded all my expectations! #trending",positive
The office will be closed on public holidays,neutral
Never again! This company does not care about customers,negative
RT: The weather forecast says it might rain tomorrow,neutral
"So happy with my purchase, fast delivery too!",positive
Impressed with how fast the support team responded 🙌,positive
"RT: Thrilled with the results, hard work pays off!",positive
Attended a conference on machine learning today,neutral
"Disgusting behavior from staff, very rude and unhelpful #trending",negative
"RT: So frustrated with this company, no response to emails",negative
Amazing product! Highly recommend to everyone! 🙌,positive
"RT: Extremely disappointed, this did not meet basic expectations",negative
"Awful food, cold and tasteless, total disappointment #trending",negative
Impressed with how fast the support team responded 🙌,positive
Fed up with these constant delays and poor service #trending,negative
heading to the office today for some meetings,neutral
"RT: The new update is incredible, so many great features",positive
Watched a documentary about climate change last night,neutral
"Love this app, makes my life so much easier! 🙌",positive
"This made my day so much better, thank you!",positive
"RT: Very disappointed with the quality, not as described",negative
"terrible quality for such a high price, not worth it",negative
"RT: Perfect weather today, feeling blessed and happy",positive
Updating my software to the latest version,neutral
"Disgusting behavior from staff, very rude and unhelpful",negative
"RT: Very disappointed with the quality, not as described",negative
RT: The meeting was rescheduled to next Tuesday,neutral
RT: The store closes at 9pm on weekdays,neutral
Best day ever! Everything went perfectly today 🎉 🙌,positive
Traffic was normal today on the highway #trending,neutral
The store closes at 9pm on weekdays,neutral
"Complete failure, nothing works as advertised #trending",negative
"Worst experience ever, will never come back again",negative
Watched a documentary about climate change last night #trending,neutral
impressed with how fast the support team responded,positive
Just had the best coffee ever! Loving this morning ☕😊 🙌,positive
"RT: Thrilled with the results, hard work pays off!",positive
"Excellent service as always, never disappoints",positive
Delivery was late and the package was damaged,negative
The store closes at 9pm on weekdays,neutral
"this product broke after one day, complete waste of money",negative
Fed up with these constant delays and poor service #trending,negative
"this is absolutely wonderful, exceeded all my expectations!",positive
The meeting was rescheduled to next Tuesday,neutral
"RT: Terrible quality for such a high price, not worth it",negative
"brilliant solution to a complex problem, well done!",positive
Life is good when you have great people around you 🙌,positive
Had a regular lunch at the usual place today,neutral
"Horrible app, keeps crashing every 5 minutes",negative
"RT: The new update is incredible, so many great features",positive
"Very disappointed with the quality, not as described #trending",negative
"So frustrated with this company, no response to emails #trending",negative
RT: Checking the schedule for the upcoming events,neutral
"Excellent service as always, never disappoints",positive
"love this app, makes my life so much easier!",positive
delivery was late and the package was damaged,negative
"RT: The new update is incredible, so many great features",positive
"Terrible quality for such a high price, not worth it",negative
The weather forecast says it might rain tomorrow,neutral
"RT: Brilliant solution to a complex problem, well done!",positive
RT: Looking at options for my next phone upgrade,neutral
"Brilliant solution to a complex problem, well done!",positive
Had a regular lunch at the usual place today,neutral
"RT: This ruined my entire day, absolutely unacceptable",negative
Amazing product! Highly recommend to everyone! 🙌,positive
"this is absolutely wonderful, exceeded all my expectations!",positive
"RT: Extremely disappointed, this did not meet basic expectations",negative
"Fantastic experience at the restaurant, will definitely return",positive
Amazing product! Highly recommend to everyone! 🙌,positive
Reading about the latest technology developments,neutral
RT: Delivery was late and the package was damaged,negative
RT: Never again! This company does not care about customers,negative
So excited for the weekend! Plans are amazing #trending,positive
"extremely disappointed, this did not meet basic expectations",negative
Just woke up and checking the news,neutral
Traffic was normal today on the highway,neutral
"Worst experience ever, will never come back again",negative
RT: Heading to the office today for some meetings,neutral
The office will be closed on public holidays,neutral
RT: The new model comes with updated specifications,neutral
"customer support is useless, nobody answers",negative
"complete failure, nothing works as advertised",negative
"Brilliant solution to a complex problem, well done!",positive
"poor design, difficult to use, and crashes constantly",negative
Impressed with how fast the support team responded 🙌,positive
RT: Had a regular lunch at the usual place today,neutral
The meeting was rescheduled to next Tuesday,neutral
RT: Attended a conference on machine learning today,neutral
traffic was normal today on the highway,neutral
Life is good when you have great people around you 🙌,positive
Fed up with these constant delays and poor service,negative
"RT: This ruined my entire day, absolutely unacceptable",negative
The quarterly report will be released next week,neutral
"Outstanding quality, worth every penny spent 🙌",positive
"worst experience ever, will never come back again",negative
"Awful food, cold and tasteless, total disappointment",negative
Attended a conference on machine learning today,neutral
"worst experience ever, will never come back again",negative
"great customer service, very helpful and friendly staff",positive
"Great customer service, very helpful and friendly staff 🙌",positive
"so frustrated with this company, no response to emails",negative
"Love this app, makes my life so much easier! #trending",positive
"Perfect weather today, feeling blessed and happy 🙌",positive
"So happy with my purchase, fast delivery too! 🙌",positive
RT: Impressed with how fast the support team responded,positive
RT: Delivery was late and the package was damaged,negative
"just finished an amazing book, totally recommend it!",positive
Had a regular lunch at the usual place today,neutral
"This is absolutely wonderful, exceeded all my expectations! #trending",positive
"RT: Perfect weather today, feeling blessed and happy",positive
RT: Reviewing the terms and conditions of the service,neutral
the office will be closed on public holidays,neutral
"the worst movie i have ever watched, total waste of time",negative
"Awful food, cold and tasteless, total disappointment",negative
"Disgusting behavior from staff, very rude and unhelpful",negative
The office will be closed on public holidays #trending,neutral
RT: Best day ever! Everything went perfectly today 🎉,positive
Checking the schedule for the upcoming events #trending,neutral
RT: Reviewing the terms and conditions of the service,neutral
"Great customer service, very helpful and friendly staff",positive
"outstanding quality, worth every penny spent",positive
"So frustrated with this company, no response to emails #trending",negative
"Outstanding quality, worth every penny spent #trending",positive
"Customer support is useless, nobody answers",negative
RT: Updating my software to the latest version,neutral
Amazing product! Highly recommend to everyone! #trending,positive
"This ruined my entire day, absolutely unacceptable",negative
Never again! This company does not care about customers #trending,negative
"RT: Awful food, cold and tasteless, total disappointment",negative
"So happy with my purchase, fast delivery too!",positive
"Thrilled with the results, hard work pays off!",positive
"Terrible quality for such a high price, not worth it",negative
"Just finished an amazing book, totally recommend it! #trending",positive
RT: Checking the schedule for the upcoming events,neutral
"the worst movie i have ever watched, total waste of time",negative
Watched a documentary about climate change last night #trending,neutral
"RT: This is absolutely wonderful, exceeded all my expectations!",positive
reviewing the terms and conditions of the service,neutral
"RT: Poor design, difficult to use, and crashes constantly",negative
Delivery was late and the package was damaged,negative
"This ruined my entire day, absolutely unacceptable",negative
Life is good when you have great people around you 🙌,positive
Checking the schedule for the upcoming events,neutral
Updating my software to the latest version,neutral
RT: Never again! This company does not care about customers,negative
"RT: This ruined my entire day, absolutely unacceptable",negative
Life is good when you have great people around you 🙌,positive
reading about the latest technology developments,neutral
The package is expected to arrive in 3-5 business days,neutral
RT: Had a regular lunch at the usual place today,neutral
"So happy with my purchase, fast delivery too! #trending",positive
"RT: This is absolutely unacceptable, I want a refund",negative
"Horrible app, keeps crashing every 5 minutes",negative
"RT: Customer support is useless, nobody answers",negative
"Very disappointed with the quality, not as described",negative
RT: Attended a conference on machine learning today,neutral
Had a regular lunch at the usual place today,neutral
"this product broke after one day, complete waste of money",negative
Checking the schedule for the upcoming events,neutral
Fed up with these constant delays and poor service #trending,negative
Updating my software to the latest version #trending,neutral
"RT: This is absolutely wonderful, exceeded all my expectations!",positive
"Horrible app, keeps crashing every 5 minutes",negative
Looking at options for my next phone upgrade,neutral
"Brilliant solution to a complex problem, well done! 🙌",positive
"RT: Broken on arrival, no return policy, total scam",negative
watched a documentary about climate change last night,neutral
"RT: Excellent service as always, never disappoints",positive
"this ruined my entire day, absolutely unacceptable",negative
"Perfect weather today, feeling blessed and happy #trending",positive
"broken on arrival, no return policy, total scam",negative
the store closes at 9pm on weekdays,neutral
"the new update is incredible, so many great features",positive
The new policy will take effect from next month,neutral
Traffic was normal today on the highway,neutral
Impressed with how fast the support team responded #trending,positive
Reviewing the terms and conditions of the service,neutral
Just had the best coffee ever! Loving this morning ☕😊 🙌,positive
The office will be closed on public holidays #trending,neutral
"So frustrated with this company, no response to emails",negative
the new policy will take effect from next month,neutral
traffic was normal today on the highway,neutral
"Very disappointed with the quality, not as described",negative
Just had the best coffee ever! Loving this morning ☕😊 🙌,positive
Grateful for amazing friends and family today 💕,positive
Grateful for amazing friends and family today 💕,positive
"the worst movie i have ever watched, total waste of time",negative
"RT: Horrible app, keeps crashing every 5 minutes",negative
"This is absolutely unacceptable, I want a refund",negative
updating my software to the latest version,neutral
"RT: Thrilled with the results, hard work pays off!",positive
"RT: So happy with my purchase, fast delivery too!",positive
"This is absolutely unacceptable, I want a refund",negative
"Customer support is useless, nobody answers",negative
"Just finished an amazing book, totally recommend it!",positive
"This is absolutely unacceptable, I want a refund",negative
"Disgusting behavior from staff, very rude and unhelpful",negative
"Terrible quality for such a high price, not worth it #trending",negative
"RT: This made my day so much better, thank you!",positive
"This product broke after one day, complete waste of money #trending",negative
"Perfect weather today, feeling blessed and happy #trending",positive
Checking the schedule for the upcoming events,neutral
"Brilliant solution to a complex problem, well done!",positive
"Love this app, makes my life so much easier!",positive
Grateful for amazing friends and family today 💕 🙌,positive
Reading about the latest technology developments #trending,neutral
"This product broke after one day, complete waste of money",negative
best day ever! everything went perfectly today 🎉,positive
"Great customer service, very helpful and friendly staff 🙌",positive
"Poor design, difficult to use, and crashes constantly",negative
The office will be closed on public holidays,neutral
"RT: Horrible app, keeps crashing every 5 minutes",negative
"This product broke after one day, complete waste of money",negative
"Disgusting behavior from staff, very rude and unhelpful #trending",negative
the new model comes with updated specifications,neutral
"RT: This ruined my entire day, absolutely unacceptable",negative
"thrilled with the results, hard work pays off!",positive
"Excellent service as always, never disappoints 🙌",positive
"love this app, makes my life so much easier!",positive
Checking the schedule for the upcoming events,neutral
"Excellent service as always, never disappoints",positive
Comparing different plans before making a decision,neutral
"disgusting behavior from staff, very rude and unhelpful",negative
the quarterly report will be released next week,neutral
attended a conference on machine learning today,neutral
"the worst movie i have ever watched, total waste of time",negative
Just had the best coffee ever! Loving this morning ☕😊 #trending,positive
the package is expected to arrive in 3-5 business days,neutral
Grateful for amazing friends and family today 💕 🙌,positive
RT: Traffic was normal today on the highway,neutral
"Poor design, difficult to use, and crashes constantly #trending",negative
"Outstanding quality, worth every penny spent",positive
"Very disappointed with the quality, not as described",negative
"RT: Outstanding quality, worth every penny spent",positive
RT: Best day ever! Everything went perfectly today 🎉,positive
"Customer support is useless, nobody answers #trending",negative
"Horrible app, keeps crashing every 5 minutes",negative
"perfect weather today, feeling blessed and happy",positive
"poor design, difficult to use, and crashes constantly",negative
"Just finished an amazing book, totally recommend it! #trending",positive
Impressed with how fast the support team responded,positive
Comparing different plans before making a decision #trending,neutral
Fed up with these constant delays and poor service,negative
"Terrible customer service, waited 2 hours for help",negative
Life is good when you have great people around you #trending,positive
"perfect weather today, feeling blessed and happy",positive
best day ever! everything went perfectly today 🎉,positive
Life is good when you have great people around you,positive
"So happy with my purchase, fast delivery too!",positive
"love this app, makes my life so much easier!",positive
the new model comes with updated specifications,neutral
Best day ever! Everything went perfectly today 🎉 #trending,positive
Checking the schedule for the upcoming events,neutral
"Terrible quality for such a high price, not worth it",negative
"complete failure, nothing works as advertised",negative
"Complete failure, nothing works as advertised",negative
"RT: The worst movie I have ever watched, total waste of time",negative
Never again! This company does not care about customers #trending,negative
Watched a documentary about climate change last night,neutral
"Just finished an amazing book, totally recommend it! #trending",positive
so excited for the weekend! plans are amazing,positive
"RT: Terrible customer service, waited 2 hours for help",negative
Attended a conference on machine learning today,neutral
"This ruined my entire day, absolutely unacceptable",negative
Checking the schedule for the upcoming events,neutral
"RT: Fantastic experience at the restaurant, will definitely return",positive
RT: Reading about the latest technology developments,neutral
the office will be closed on public holidays,neutral
RT: Grateful for amazing friends and family today 💕,positive
Heading to the office today for some meetings,neutral
The quarterly report will be released next week #trending,neutral
fed up with these constant delays and poor service,negative
Attended a conference on machine learning today,neutral
"This product broke after one day, complete waste of money",negative
"This is absolutely unacceptable, I want a refund",negative
"This is absolutely wonderful, exceeded all my expectations! #trending",positive
"extremely disappointed, this did not meet basic expectations",negative
"The new update is incredible, so many great features",positive
Just had the best coffee ever! Loving this morning ☕😊 #trending,positive
"Just finished an amazing book, totally recommend it!",positive
"This ruined my entire day, absolutely unacceptable #trending",negative
Just had the best coffee ever! Loving this morning ☕😊,positive
"This is absolutely wonderful, exceeded all my expectations! #trending",positive
Best day ever! Everything went perfectly today 🎉,positive
"Very disappointed with the quality, not as described",negative
"Terrible customer service, waited 2 hours for help #trending",negative
"RT: Love this app, makes my life so much easier!",positive
"RT: This is absolutely wonderful, exceeded all my expectations!",positive
"Great customer service, very helpful and friendly staff",positive
Reviewing the terms and conditions of the service,neutral
"Outstanding quality, worth every penny spent",positive
Updating my software to the latest version #trending,neutral
Traffic was normal today on the highway,neutral
"Brilliant solution to a complex problem, well done! 🙌",positive
RT: Reading about the latest technology developments,neutral
Comparing different plans before making a decision,neutral
The weather forecast says it might rain tomorrow #trending,neutral
Watched a documentary about climate change last night,neutral
"customer support is useless, nobody answers",negative
"This product broke after one day, complete waste of money #trending",negative
RT: The store closes at 9pm on weekdays,neutral
RT: Grateful for amazing friends and family today 💕,positive
"RT: Customer support is useless, nobody answers",negative
Reviewing the terms and conditions of the service,neutral
Looking at options for my next phone upgrade #trending,neutral
Heading to the office today for some meetings #trending,neutral
Looking at options for my next phone upgrade,neutral
RT: The office will be closed on public holidays,neutral
"excellent service as always, never disappoints",positive
RT: Had a regular lunch at the usual place today,neutral
"perfect weather today, feeling blessed and happy",positive
"terrible customer service, waited 2 hours for help",negative
Updating my software to the latest version,neutral
The quarterly report will be released next week,neutral
"Poor design, difficult to use, and crashes constantly #trending",negative
"so happy with my purchase, fast delivery too!",positive
"The new update is incredible, so many great features 🙌",positive
The package is expected to arrive in 3-5 business days,neutral
"Just finished an amazing book, totally recommend it! #trending",positive
watched a documentary about climate change last night,neutral
Delivery was late and the package was damaged,negative
"Just finished an amazing book, totally recommend it!",positive
Grateful for amazing friends and family today 💕,positive
The meeting was rescheduled to next Tuesday,neutral
Amazing product! Highly recommend to everyone!,positive
"Broken on arrival, no return policy, total scam",negative
RT: The meeting was rescheduled to next Tuesday,neutral
"Customer support is useless, nobody answers #trending",negative
RT: The new policy will take effect from next month,neutral
"Thrilled with the results, hard work pays off! #trending",positive
The new model comes with updated specifications,neutral
"RT: Outstanding quality, worth every penny spent",positive
"RT: Love this app, makes my life so much easier!",positive
"Terrible customer service, waited 2 hours for help #trending",negative
"Thrilled with the results, hard work pays off!",positive
Attended a conference on machine learning today,neutral
impressed with how fast the support team responded,positive
Best day ever! Everything went perfectly today 🎉,positive
"The worst movie I have ever watched, total waste of time",negative
"So frustrated with this company, no response to emails",negative
"Thrilled with the results, hard work pays off!",positive
"Fantastic experience at the restaurant, will definitely return #trending",positive
RT: Never again! This company does not care about customers,negative
best day ever! everything went perfectly today 🎉,positive
"RT: Thrilled with the results, hard work pays off!",positive
"RT: Terrible customer service, waited 2 hours for help",negative
RT: The package is expected to arrive in 3-5 business days,neutral
The new model comes with updated specifications #trending,neutral
"RT: Terrible quality for such a high price, not worth it",negative
The store closes at 9pm on weekdays #trending,neutral
the meeting was rescheduled to next tuesday,neutral
"Terrible customer service, waited 2 hours for help",negative
"terrible quality for such a high price, not worth it",negative
The new model comes with updated specifications,neutral
"The new update is incredible, so many great features",positive
RT: Checking the schedule for the upcoming events,neutral
Fed up with these constant delays and poor service #trending,negative
Traffic was normal today on the highway #trending,neutral
"Poor design, difficult to use, and crashes constantly",negative
"this is absolutely unacceptable, i want a refund",negative
RT: Comparing different plans before making a decision,neutral
"Poor design, difficult to use, and crashes constantly",negative
best day ever! everything went perfectly today 🎉,positive
The new model comes with updated specifications,neutral
Best day ever! Everything went perfectly today 🎉 🙌,positive
"very disappointed with the quality, not as described",negative
"Perfect weather today, feeling blessed and happy #trending",positive
comparing different plans before making a decision,neutral
Watched a documentary about climate change last night,neutral
life is good when you have great people around you,positive
Fed up with these constant delays and poor service #trending,negative
Had a regular lunch at the usual place today,neutral
Impressed with how fast the support team responded,positive
"This is absolutely unacceptable, I want a refund",negative
"just finished an amazing book, totally recommend it!",positive
Had a regular lunch at the usual place today,neutral
RT: Amazing product! Highly recommend to everyone!,positive
Best day ever! Everything went perfectly today 🎉 #trending,positive
"Love this app, makes my life so much easier! 🙌",positive
Amazing product! Highly recommend to everyone! 🙌,positive
the new model comes with updated specifications,neutral
Reviewing the terms and conditions of the service,neutral
RT: Reviewing the terms and conditions of the service,neutral
life is good when you have great people around you,positive
RT: Best day ever! Everything went perfectly today 🎉,positive
"Terrible customer service, waited 2 hours for help",negative
"RT: The worst movie I have ever watched, total waste of time",negative
Impressed with how fast the support team responded 🙌,positive
Delivery was late and the package was damaged,negative
Attended a conference on machine learning today,neutral
"Perfect weather today, feeling blessed and happy 🙌",positive
best day ever! everything went perfectly today 🎉,positive
RT: Attended a conference on machine learning today,neutral
delivery was late and the package was damaged,negative
The store closes at 9pm on weekdays #trending,neutral
So excited for the weekend! Plans are amazing 🙌,positive
"just finished an amazing book, totally recommend it!",positive
"RT: Just finished an amazing book, totally recommend it!",positive
"Disgusting behavior from staff, very rude and unhelpful",negative
RT: Life is good when you have great people around you,positive
"RT: This is absolutely wonderful, exceeded all my expectations!",positive
"Perfect weather today, feeling blessed and happy",positive
had a regular lunch at the usual place today,neutral
RT: Heading to the office today for some meetings,neutral
"This made my day so much better, thank you! 🙌",positive
Fed up with these constant delays and poor service,negative
RT: Updating my software to the latest version,neutral
"Awful food, cold and tasteless, total disappointment",negative
"This made my day so much better, thank you! 🙌",positive
"terrible customer service, waited 2 hours for help",negative
Heading to the office today for some meetings,neutral
RT: Watched a documentary about climate change last night,neutral
Attended a conference on machine learning today,neutral
never again! this company does not care about customers,negative
"RT: Complete failure, nothing works as advertised",negative
"So happy with my purchase, fast delivery too!",positive
RT: Attended a conference on machine learning today,neutral
Life is good when you have great people around you 🙌,positive
"customer support is useless, nobody answers",negative
"Worst experience ever, will never come back again",negative
"Great customer service, very helpful and friendly staff 🙌",positive
just had the best coffee ever! loving this morning ☕😊,positive
"Fantastic experience at the restaurant, will definitely return #trending",positive
"This ruined my entire day, absolutely unacceptable",negative
"Complete failure, nothing works as advertised",negative
"Terrible quality for such a high price, not worth it",negative
"This made my day so much better, thank you! #trending",positive
"RT: Complete failure, nothing works as advertised",negative
traffic was normal today on the highway,neutral
RT: The quarterly report will be released next week,neutral
comparing different plans before making a decision,neutral
"So happy with my purchase, fast delivery too! #trending",positive
The meeting was rescheduled to next Tuesday #trending,neutral
"The worst movie I have ever watched, total waste of time #trending",negative
"So frustrated with this company, no response to emails #trending",negative
Watched a documentary about climate change last night,neutral
"RT: Terrible customer service, waited 2 hours for help",negative
fed up with these constant delays and poor service,negative
"thrilled with the results, hard work pays off!",positive
"Thrilled with the results, hard work pays off! 🙌",positive
Looking at options for my next phone upgrade,neutral
"Great customer service, very helpful and friendly staff #trending",positive
"This is absolutely unacceptable, I want a refund",negative
RT: Never again! This company does not care about customers,negative
The package is expected to arrive in 3-5 business days,neutral
the package is expected to arrive in 3-5 business days,neutral
"Brilliant solution to a complex problem, well done! 🙌",positive
"Poor design, difficult to use, and crashes constantly #trending",negative
"Terrible customer service, waited 2 hours for help",negative
Grateful for amazing friends and family today 💕,positive
"Brilliant solution to a complex problem, well done! 🙌",positive
Looking at options for my next phone upgrade,neutral
Comparing different plans before making a decision,neutral
reading about the latest technology developments,neutral
Watched a documentary about climate change last night #trending,neutral
Impressed with how fast the support team responded 🙌,positive
The store closes at 9pm on weekdays,neutral
"outstanding quality, worth every penny spent",positive
The new policy will take effect from next month #trending,neutral
"This ruined my entire day, absolutely unacceptable",negative
RT: Fed up with these constant delays and poor service,negative
"This is absolutely unacceptable, I want a refund",negative
delivery was late and the package was damaged,negative
Checking the schedule for the upcoming events #trending,neutral
"so happy with my purchase, fast delivery too!",positive
"Poor design, difficult to use, and crashes constantly #trending",negative
The quarterly report will be released next week,neutral
Impressed with how fast the support team responded,positive
"This made my day so much better, thank you!",positive
RT: Delivery was late and the package was damaged,negative
"This is absolutely unacceptable, I want a refund",negative
Life is good when you have great people around you #trending,positive
the meeting was rescheduled to next tuesday,neutral
RT: The weather forecast says it might rain tomorrow,neutral
The weather forecast says it might rain tomorrow #trending,neutral
Watched a documentary about climate change last night,neutral
"Disgusting behavior from staff, very rude and unhelpful",negative
The quarterly report will be released next week #trending,neutral
Grateful for amazing friends and family today 💕 🙌,positive
Had a regular lunch at the usual place today,neutral
RT: Life is good when you have great people around you,positive
RT: Checking the schedule for the upcoming events,neutral
the new policy will take effect from next month,neutral
"This made my day so much better, thank you! 🙌",positive
"Great customer service, very helpful and friendly staff 🙌",positive
Reading about the latest technology developments #trending,neutral
the quarterly report will be released next week,neutral
Amazing product! Highly recommend to everyone! 🙌,positive
"so frustrated with this company, no response to emails",negative
"Terrible quality for such a high price, not worth it #trending",negative
RT: The quarterly report will be released next week,neutral
"Awful food, cold and tasteless, total disappointment",negative
"Love this app, makes my life so much easier! #trending",positive
Reviewing the terms and conditions of the service #trending,neutral
"This made my day so much better, thank you! 🙌",positive
The new model comes with updated specifications,neutral
"RT: The worst movie I have ever watched, total waste of time",negative
RT: Grateful for amazing friends and family today 💕,positive
Reading about the latest technology developments,neutral
"complete failure, nothing works as advertised",negative
Just woke up and checking the news #trending,neutral
Attended a conference on machine learning today #trending,neutral
Reviewing the terms and conditions of the service,neutral
"The worst movie I have ever watched, total waste of time #trending",negative
"Great customer service, very helpful and friendly staff #trending",positive
Reading about the latest technology developments #trending,neutral
"Broken on arrival, no return policy, total scam",negative
"RT: Awful food, cold and tasteless, total disappointment",negative
"horrible app, keeps crashing every 5 minutes",negative
"Disgusting behavior from staff, very rude and unhelpful",negative
Heading to the office today for some meetings #trending,neutral
attended a conference on machine learning today,neutral
"Worst experience ever, will never come back again",negative
"horrible app, keeps crashing every 5 minutes",negative
Comparing different plans before making a decision,neutral
Traffic was normal today on the highway,neutral
RT: Comparing different plans before making a decision,neutral
RT: Just woke up and checking the news,neutral
"This ruined my entire day, absolutely unacceptable #trending",negative
"awful food, cold and tasteless, total disappointment",negative
RT: So excited for the weekend! Plans are amazing,positive
Fed up with these constant delays and poor service #trending,negative
"RT: Brilliant solution to a complex problem, well done!",positive
Attended a conference on machine learning today,neutral
grateful for amazing friends and family today 💕,positive
Comparing different plans before making a decision,neutral
"This is absolutely wonderful, exceeded all my expectations!",positive
"the new update is incredible, so many great features",positive
"RT: Thrilled with the results, hard work pays off!",positive
Watched a documentary about climate change last night #trending,neutral
RT: Delivery was late and the package was damaged,negative
"this is absolutely unacceptable, i want a refund",negative
"so happy with my purchase, fast delivery too!",positive
"RT: Awful food, cold and tasteless, total disappointment",negative
RT: The package is expected to arrive in 3-5 business days,neutral
"So frustrated with this company, no response to emails",negative
The store closes at 9pm on weekdays #trending,neutral
"Just finished an amazing book, totally recommend it! #trending",positive
life is good when you have great people around you,positive
"RT: Disgusting behavior from staff, very rude and unhelpful",negative
"RT: This product broke after one day, complete waste of money",negative
"Worst experience ever, will never come back again",negative
RT: Just woke up and checking the news,neutral
Amazing product! Highly recommend to everyone! #trending,positive
"Disgusting behavior from staff, very rude and unhelpful",negative
"Broken on arrival, no return policy, total scam",negative
"Brilliant solution to a complex problem, well done! 🙌",positive
"So frustrated with this company, no response to emails #trending",negative
The package is expected to arrive in 3-5 business days #trending,neutral
"brilliant solution to a complex problem, well done!",positive
RT: The quarterly report will be released next week,neutral
"terrible quality for such a high price, not worth it",negative
Impressed with how fast the support team responded 🙌,positive
The office will be closed on public holidays,neutral
"so frustrated with this company, no response to emails",negative
had a regular lunch at the usual place today,neutral
RT: Just had the best coffee ever! Loving this morning ☕😊,positive
So excited for the weekend! Plans are amazing #trending,positive
"Worst experience ever, will never come back again",negative
RT: Traffic was normal today on the highway,neutral
Best day ever! Everything went perfectly today 🎉 🙌,positive
Delivery was late and the package was damaged #trending,negative
amazing product! highly recommend to everyone!,positive
"So frustrated with this company, no response to emails",negative
RT: Comparing different plans before making a decision,neutral
so excited for the weekend! plans are amazing,positive
"RT: Broken on arrival, no return policy, total scam",negative
RT: Heading to the office today for some meetings,neutral
"Broken on arrival, no return policy, total scam",negative
Life is good when you have great people around you,positive
The weather forecast says it might rain tomorrow,neutral
Just had the best coffee ever! Loving this morning ☕😊,positive
Never again! This company does not care about customers #trending,negative
"worst experience ever, will never come back again",negative
"The new update is incredible, so many great features",positive
The new model comes with updated specifications,neutral
"Great customer service, very helpful and friendly staff",positive
Just had the best coffee ever! Loving this morning ☕😊,positive
Reviewing the terms and conditions of the service,neutral
"RT: Perfect weather today, feeling blessed and happy",positive
"the worst movie i have ever watched, total waste of time",negative
RT: Looking at options for my next phone upgrade,neutral
Grateful for amazing friends and family today 💕 #trending,positive
RT: Just woke up and checking the news,neutral
The quarterly report will be released next week #trending,neutral
"Great customer service, very helpful and friendly staff #trending",positive
The new model comes with updated specifications,neutral
the office will be closed on public holidays,neutral
traffic was normal today on the highway,neutral
looking at options for my next phone upgrade,neutral
"RT: Disgusting behavior from staff, very rude and unhelpful",negative
"just finished an amazing book, totally recommend it!",positive
Just woke up and checking the news,neutral
"Awful food, cold and tasteless, total disappointment",negative
Best day ever! Everything went perfectly today 🎉,positive
Grateful for amazing friends and family today 💕,positive
Delivery was late and the package was damaged,negative
Just woke up and checking the news #trending,neutral
"RT: Fantastic experience at the restaurant, will definitely return",positive
Best day ever! Everything went perfectly today 🎉,positive
impressed with how fast the support team responded,positive
"Worst experience ever, will never come back again",negative
Just woke up and checking the news,neutral
So excited for the weekend! Plans are amazing,positive
"RT: The worst movie I have ever watched, total waste of time",negative
impressed with how fast the support team responded,positive
Reading about the latest technology developments,neutral
The quarterly report will be released next week,neutral
Had a regular lunch at the usual place today,neutral
"Disgusting behavior from staff, very rude and unhelpful",negative
Watched a documentary about climate change last night,neutral
"This made my day so much better, thank you! 🙌",positive
"RT: Love this app, makes my life so much easier!",positive
"Brilliant solution to a complex problem, well done! #trending",positive
"Extremely disappointed, this did not meet basic expectations #trending",negative
"Poor design, difficult to use, and crashes constantly",negative
RT: The office will be closed on public holidays,neutral
Delivery was late and the package was damaged,negative
RT: The new model comes with updated specifications,neutral
Looking at options for my next phone upgrade #trending,neutral
Best day ever! Everything went perfectly today 🎉 #trending,positive
Had a regular lunch at the usual place today #trending,neutral
"Worst experience ever, will never come back again",negative
"This is absolutely wonderful, exceeded all my expectations!",positive
"This ruined my entire day, absolutely unacceptable #trending",negative
the store closes at 9pm on weekdays,neutral
"RT: Broken on arrival, no return policy, total scam",negative
"RT: Outstanding quality, worth every penny spent",positive
"Broken on arrival, no return policy, total scam",negative
"RT: The new update is incredible, so many great features",positive
"outstanding quality, worth every penny spent",positive
Had a regular lunch at the usual place today,neutral
the package is expected to arrive in 3-5 business days,neutral
"RT: Poor design, difficult to use, and crashes constantly",negative
"Broken on arrival, no return policy, total scam #trending",negative
just woke up and checking the news,neutral
Reviewing the terms and conditions of the service,neutral
"Brilliant solution to a complex problem, well done! #trending",positive
Watched a documentary about climate change last night #trending,neutral
"Perfect weather today, feeling blessed and happy #trending",positive
RT: The new model comes with updated specifications,neutral
Amazing product! Highly recommend to everyone!,positive
Watched a documentary about climate change last night #trending,neutral
RT: Grateful for amazing friends and family today 💕,positive
RT: Updating my software to the latest version,neutral
"this product broke after one day, complete waste of money",negative
the package is expected to arrive in 3-5 business days,neutral
"RT: Complete failure, nothing works as advertised",negative
"Extremely disappointed, this did not meet basic expectations #trending",negative
"so frustrated with this company, no response to emails",negative
Updating my software to the latest version,neutral
"this ruined my entire day, absolutely unacceptable",negative
RT: Grateful for amazing friends and family today 💕,positive
"The worst movie I have ever watched, total waste of time",negative
best day ever! everything went perfectly today 🎉,positive
"so happy with my purchase, fast delivery too!",positive
RT: Grateful for amazing friends and family today 💕,positive
Updating my software to the latest version,neutral
The new model comes with updated specifications,neutral
The package is expected to arrive in 3-5 business days,neutral
Traffic was normal today on the highway,neutral
Watched a documentary about climate change last night #trending,neutral
Heading to the office today for some meetings,neutral
Looking at options for my next phone upgrade,neutral
Just had the best coffee ever! Loving this morning ☕😊 #trending,positive
Just had the best coffee ever! Loving this morning ☕😊 🙌,positive
The package is expected to arrive in 3-5 business days,neutral
"Customer support is useless, nobody answers #trending",negative
RT: Attended a conference on machine learning today,neutral
"Terrible quality for such a high price, not worth it",negative
"RT: Horrible app, keeps crashing every 5 minutes",negative
"Customer support is useless, nobody answers #trending",negative
Had a regular lunch at the usual place today #trending,neutral
reading about the latest technology developments,neutral
"broken on arrival, no return policy, total scam",negative
life is good when you have great people around you,positive
"horrible app, keeps crashing every 5 minutes",negative
"worst experience ever, will never come back again",negative
the weather forecast says it might rain tomorrow,neutral
Reviewing the terms and conditions of the service,neutral
watched a documentary about climate change last night,neutral
"Outstanding quality, worth every penny spent 🙌",positive
"Excellent service as always, never disappoints 🙌",positive
"Great customer service, very helpful and friendly staff #trending",positive
"This made my day so much better, thank you! 🙌",positive
The meeting was rescheduled to next Tuesday #trending,neutral
"RT: Great customer service, very helpful and friendly staff",positive
RT: Checking the schedule for the upcoming events,neutral
the new policy will take effect from next month,neutral
RT: The package is expected to arrive in 3-5 business days,neutral
Just had the best coffee ever! Loving this morning ☕😊,positive
"The new update is incredible, so many great features 🙌",positive
"This made my day so much better, thank you!",positive
Heading to the office today for some meetings,neutral
Grateful for amazing friends and family today 💕 #trending,positive
"RT: Great customer service, very helpful and friendly staff",positive
RT: Fed up with these constant delays and poor service,negative
The quarterly report will be released next week,neutral
"RT: Extremely disappointed, this did not meet basic expectations",negative
"Excellent service as always, never disappoints 🙌",positive
RT: Checking the schedule for the upcoming events,neutral
"poor design, difficult to use, and crashes constantly",negative
"worst experience ever, will never come back again",negative
"so frustrated with this company, no response to emails",negative
"Just finished an amazing book, totally recommend it! 🙌",positive
heading to the office today for some meetings,neutral
Fed up with these constant delays and poor service #trending,negative
Heading to the office today for some meetings,neutral
"Great customer service, very helpful and friendly staff #trending",positive
fed up with these constant delays and poor service,negative
"the worst movie i have ever watched, total waste of time",negative
Watched a documentary about climate change last night,neutral
"RT: This is absolutely unacceptable, I want a refund",negative
RT: Impressed with how fast the support team responded,positive
"this ruined my entire day, absolutely unacceptable",negative
watched a documentary about climate change last night,neutral
"this made my day so much better, thank you!",positive
"Worst experience ever, will never come back again",negative
"RT: Fantastic experience at the restaurant, will definitely return",positive
Life is good when you have great people around you #trending,positive
"Perfect weather today, feeling blessed and happy",positive
"Just finished an amazing book, totally recommend it! #trending",positive
Attended a conference on machine learning today #trending,neutral
RT: Grateful for amazing friends and family today 💕,positive
"Worst experience ever, will never come back again",negative
"so frustrated with this company, no response to emails",negative
Impressed with how fast the support team responded,positive
"This ruined my entire day, absolutely unacceptable",negative
"The new update is incredible, so many great features #trending",positive
Life is good when you have great people around you #trending,positive
had a regular lunch at the usual place today,neutral
Looking at options for my next phone upgrade #trending,neutral
Traffic was normal today on the highway #trending,neutral
Never again! This company does not care about customers,negative
"RT: Thrilled with the results, hard work pays off!",positive
"RT: Poor design, difficult to use, and crashes constantly",negative
Attended a conference on machine learning today #trending,neutral
The weather forecast says it might rain tomorrow,neutral
"Customer support is useless, nobody answers",negative
"love this app, makes my life so much easier!",positive
the new policy will take effect from next month,neutral
Life is good when you have great people around you,positive
Reviewing the terms and conditions of the service #trending,neutral
"This made my day so much better, thank you! 🙌",positive
RT: The office will be closed on public holidays,neutral
"Terrible customer service, waited 2 hours for help #trending",negative
"Broken on arrival, no return policy, total scam",negative
"RT: The worst movie I have ever watched, total waste of time",negative
life is good when you have great people around you,positive
just woke up and checking the news,neutral
RT: Amazing product! Highly recommend to everyone!,positive
"This ruined my entire day, absolutely unacceptable",negative
"RT: The worst movie I have ever watched, total waste of time",negative
"RT: So frustrated with this company, no response to emails",negative
Comparing different plans before making a decision,neutral
"RT: Complete failure, nothing works as advertised",negative
"Broken on arrival, no return policy, total scam #trending",negative
"extremely disappointed, this did not meet basic expectations",negative
"Awful food, cold and tasteless, total disappointment",negative
"This ruined my entire day, absolutely unacceptable #trending",negative
Updating my software to the latest version,neutral
"brilliant solution to a complex problem, well done!",positive
"The worst movie I have ever watched, total waste of time",negative
"Brilliant solution to a complex problem, well done!",positive
just had the best coffee ever! loving this morning ☕😊,positive
"RT: Terrible quality for such a high price, not worth it",negative
"Great customer service, very helpful and friendly staff",positive
traffic was normal today on the highway,neutral
"RT: Extremely disappointed, this did not meet basic expectations",negative
"RT: Extremely disappointed, this did not meet basic expectations",negative
"Disgusting behavior from staff, very rude and unhelpful #trending",negative
"Terrible quality for such a high price, not worth it",negative
"Just finished an amazing book, totally recommend it! #trending",positive
The new policy will take effect from next month,neutral
"Terrible customer service, waited 2 hours for help #trending",negative
Grateful for amazing friends and family today 💕 🙌,positive
"RT: Poor design, difficult to use, and crashes constantly",negative
attended a conference on machine learning today,neutral
"this is absolutely wonderful, exceeded all my expectations!",positive
The new model comes with updated specifications,neutral
"so happy with my purchase, fast delivery too!",positive
"very disappointed with the quality, not as described",negative
"Brilliant solution to a complex problem, well done! #trending",positive
The weather forecast says it might rain tomorrow #trending,neutral
The store closes at 9pm on weekdays,neutral
"Customer support is useless, nobody answers",negative
RT: Attended a conference on machine learning today,neutral
Best day ever! Everything went perfectly today 🎉 🙌,positive
"horrible app, keeps crashing every 5 minutes",negative
"Complete failure, nothing works as advertised",negative
Had a regular lunch at the usual place today,neutral
"Terrible customer service, waited 2 hours for help #trending",negative
Impressed with how fast the support team responded #trending,positive
"this is absolutely unacceptable, i want a refund",negative
Watched a documentary about climate change last night,neutral
The new model comes with updated specifications,neutral
Updating my software to the latest version,neutral
Reviewing the terms and conditions of the service,neutral
the weather forecast says it might rain tomorrow,neutral
amazing product! highly recommend to everyone!,positive
"Fantastic experience at the restaurant, will definitely return #trending",positive
Comparing different plans before making a decision #trending,neutral
RT: Just woke up and checking the news,neutral
"The new update is incredible, so many great features",positive
watched a documentary about climate change last night,neutral
The quarterly report will be released next week,neutral
The store closes at 9pm on weekdays #trending,neutral
"excellent service as always, never disappoints",positive
"This is absolutely wonderful, exceeded all my expectations! 🙌",positive
The quarterly report will be released next week #trending,neutral
Heading to the office today for some meetings,neutral
"this is absolutely wonderful, exceeded all my expectations!",positive
"This is absolutely unacceptable, I want a refund #trending",negative
Traffic was normal today on the highway,neutral
Attended a conference on machine learning today,neutral
RT: Impressed with how fast the support team responded,positive
"Fantastic experience at the restaurant, will definitely return",positive
"This ruined my entire day, absolutely unacceptable",negative
"This is absolutely unacceptable, I want a refund",negative
"RT: The worst movie I have ever watched, total waste of time",negative
The new policy will take effect from next month #trending,neutral
"Brilliant solution to a complex problem, well done!",positive
"This product broke after one day, complete waste of money",negative
"Love this app, makes my life so much easier!",positive
"great customer service, very helpful and friendly staff",positive
RT: Checking the schedule for the upcoming events,neutral
traffic was normal today on the highway,neutral
"Great customer service, very helpful and friendly staff",positive
RT: Attended a conference on machine learning today,neutral
Life is good when you have great people around you,positive
"RT: This product broke after one day, complete waste of money",negative
the store closes at 9pm on weekdays,neutral
"This is absolutely wonderful, exceeded all my expectations! 🙌",positive
"This ruined my entire day, absolutely unacceptable",negative
The meeting was rescheduled to next Tuesday,neutral
"Customer support is useless, nobody answers #trending",negative
"so happy with my purchase, fast delivery too!",positive
"Complete failure, nothing works as advertised",negative
Just had the best coffee ever! Loving this morning ☕😊 #trending,positive
"Awful food, cold and tasteless, total disappointment",negative
"This is absolutely unacceptable, I want a refund #trending",negative
"Broken on arrival, no return policy, total scam",negative
Grateful for amazing friends and family today 💕 #trending,positive
The weather forecast says it might rain tomorrow #trending,neutral
RT: Checking the schedule for the upcoming events,neutral
"So happy with my purchase, fast delivery too!",positive
Amazing product! Highly recommend to everyone! 🙌,positive
Amazing product! Highly recommend to everyone! #trending,positive
Amazing product! Highly recommend to everyone! 🙌,positive
"awful food, cold and tasteless, total disappointment",negative
Reviewing the terms and conditions of the service,neutral
Had a regular lunch at the usual place today,neutral
"the worst movie i have ever watched, total waste of time",negative
"just finished an amazing book, totally recommend it!",positive
Fed up with these constant delays and poor service #trending,negative
"Extremely disappointed, this did not meet basic expectations",negative
"so happy with my purchase, fast delivery too!",positive
Looking at options for my next phone upgrade,neutral
"this made my day so much better, thank you!",positive
looking at options for my next phone upgrade,neutral
RT: The office will be closed on public holidays,neutral
Reviewing the terms and conditions of the service,neutral
The office will be closed on public holidays,neutral
RT: Amazing product! Highly recommend to everyone!,positive
Updating my software to the latest version,neutral
"RT: Terrible customer service, waited 2 hours for help",negative
"Worst experience ever, will never come back again #trending",negative
Impressed with how fast the support team responded,positive
"This ruined my entire day, absolutely unacceptable",negative
"This is absolutely unacceptable, I want a refund #trending",negative
Just woke up and checking the news,neutral
"customer support is useless, nobody answers",negative
"Poor design, difficult to use, and crashes constantly #trending",negative
fed up with these constant delays and poor service,negative
Heading to the office today for some meetings,neutral
Had a regular lunch at the usual place today,neutral
"This ruined my entire day, absolutely unacceptable #trending",negative
The office will be closed on public holidays #trending,neutral
RT: Just had the best coffee ever! Loving this morning ☕😊,positive
Had a regular lunch at the usual place today,neutral
RT: Reading about the latest technology developments,neutral
Delivery was late and the package was damaged,negative
"So happy with my purchase, fast delivery too! #trending",positive
"Fantastic experience at the restaurant, will definitely return 🙌",positive
"Terrible customer service, waited 2 hours for help",negative
"The worst movie I have ever watched, total waste of time #trending",negative
"RT: Terrible customer service, waited 2 hours for help",negative
Traffic was normal today on the highway,neutral
Traffic was normal today on the highway,neutral
"broken on arrival, no return policy, total scam",negative
"Love this app, makes my life so much easier!",positive
Watched a documentary about climate change last night #trending,neutral
"The new update is incredible, so many great features #trending",positive
"extremely disappointed, this did not meet basic expectations",negative
"The new update is incredible, so many great features 🙌",positive
"The worst movie I have ever watched, total waste of time",negative
"awful food, cold and tasteless, total disappointment",negative
"Perfect weather today, feeling blessed and happy 🙌",positive
RT: The meeting was rescheduled to next Tuesday,neutral
RT: Best day ever! Everything went perfectly today 🎉,positive
"RT: This is absolutely wonderful, exceeded all my expectations!",positive
"The worst movie I have ever watched, total waste of time #trending",negative
Fed up with these constant delays and poor service,negative
"Fantastic experience at the restaurant, will definitely return",positive
"Excellent service as always, never disappoints 🙌",positive
"Horrible app, keeps crashing every 5 minutes",negative
RT: The meeting was rescheduled to next Tuesday,neutral
RT: The meeting was rescheduled to next Tuesday,neutral
"so frustrated with this company, no response to emails",negative
"Broken on arrival, no return policy, total scam #trending",negative
so excited for the weekend! plans are amazing,positive
Grateful for amazing friends and family today 💕 #trending,positive
"This ruined my entire day, absolutely unacceptable",negative
"Just finished an amazing book, totally recommend it! 🙌",positive
The meeting was rescheduled to next Tuesday #trending,neutral
Reviewing the terms and conditions of the service #trending,neutral
"very disappointed with the quality, not as described",negative
RT: The store closes at 9pm on weekdays,neutral
RT: The package is expected to arrive in 3-5 business days,neutral
"Poor design, difficult to use, and crashes constantly #trending",negative
Impressed with how fast the support team responded,positive
"Broken on arrival, no return policy, total scam",negative
RT: The new policy will take effect from next month,neutral
Amazing product! Highly recommend to everyone! 🙌,positive
Attended a conference on machine learning today,neutral
The new model comes with updated specifications #trending,neutral
The weather forecast says it might rain tomorrow,neutral
The new policy will take effect from next month #trending,neutral
Never again! This company does not care about customers,negative
"Very disappointed with the quality, not as described #trending",negative
checking the schedule for the upcoming events,neutral
"so happy with my purchase, fast delivery too!",positive
Delivery was late and the package was damaged,negative
"customer support is useless, nobody answers",negative
checking the schedule for the upcoming events,neutral
So excited for the weekend! Plans are amazing 🙌,positive
"So frustrated with this company, no response to emails",negative
The new policy will take effect from next month,neutral
Watched a documentary about climate change last night #trending,neutral
"This ruined my entire day, absolutely unacceptable #trending",negative
"Broken on arrival, no return policy, total scam",negative
"This is absolutely wonderful, exceeded all my expectations!",positive
looking at options for my next phone upgrade,neutral
RT: Grateful for amazing friends and family today 💕,positive
RT: Grateful for amazing friends and family today 💕,positive
"the worst movie i have ever watched, total waste of time",negative
"RT: Fantastic experience at the restaurant, will definitely return",positive
The meeting was rescheduled to next Tuesday #trending,neutral
Just had the best coffee ever! Loving this morning ☕😊 🙌,positive
"complete failure, nothing works as advertised",negative
"So frustrated with this company, no response to emails",negative
"RT: Love this app, makes my life so much easier!",positive
The office will be closed on public holidays,neutral
"Just finished an amazing book, totally recommend it! #trending",positive
Fed up with these constant delays and poor service,negative
"So frustrated with this company, no response to emails #trending",negative
"customer support is useless, nobody answers",negative
"Just finished an amazing book, totally recommend it! #trending",positive
"this is absolutely wonderful, exceeded all my expectations!",positive
The package is expected to arrive in 3-5 business days #trending,neutral
"Complete failure, nothing works as advertised",negative
Delivery was late and the package was damaged #trending,negative
The meeting was rescheduled to next Tuesday,neutral
Delivery was late and the package was damaged,negative
"This made my day so much better, thank you! #trending",positive
"RT: This is absolutely unacceptable, I want a refund",negative
"Excellent service as always, never disappoints",positive
"Terrible quality for such a high price, not worth it",negative
Had a regular lunch at the usual place today #trending,neutral
"Awful food, cold and tasteless, total disappointment #trending",negative
"RT: Worst experience ever, will never come back again",negative
RT: The meeting was rescheduled to next Tuesday,neutral
"RT: Perfect weather today, feeling blessed and happy",positive
Life is good when you have great people around you,positive
"Worst experience ever, will never come back again #trending",negative
"RT: Fantastic experience at the restaurant, will definitely return",positive
"RT: Just finished an amazing book, totally recommend it!",positive
updating my software to the latest version,neutral
Grateful for amazing friends and family today 💕 🙌,positive
"This made my day so much better, thank you!",positive
"RT: Love this app, makes my life so much easier!",positive
fed up with these constant delays and poor service,negative
"So frustrated with this company, no response to emails",negative
"Perfect weather today, feeling blessed and happy",positive
"This product broke after one day, complete waste of money",negative
the new model comes with updated specifications,neutral
RT: The weather forecast says it might rain tomorrow,neutral
RT: Heading to the office today for some meetings,neutral
never again! this company does not care about customers,negative
Best day ever! Everything went perfectly today 🎉,positive
Checking the schedule for the upcoming events,neutral
"Perfect weather today, feeling blessed and happy",positive
"Worst experience ever, will never come back again #trending",negative
The weather forecast says it might rain tomorrow,neutral
"Perfect weather today, feeling blessed and happy 🙌",positive
"This ruined my entire day, absolutely unacceptable",negative
"Poor design, difficult to use, and crashes constantly",negative
Just woke up and checking the news,neutral
"This is absolutely wonderful, exceeded all my expectations!",positive
The office will be closed on public holidays,neutral
Impressed with how fast the support team responded,positive
Amazing product! Highly recommend to everyone! #trending,positive
"Great customer service, very helpful and friendly staff 🙌",positive
RT: The new model comes with updated specifications,neutral
The office will be closed on public holidays,neutral
"So happy with my purchase, fast delivery too! 🙌",positive
Reviewing the terms and conditions of the service,neutral
"excellent service as always, never disappoints",positive
"This is absolutely wonderful, exceeded all my expectations! 🙌",positive
had a regular lunch at the usual place today,neutral
The weather forecast says it might rain tomorrow #trending,neutral
"perfect weather today, feeling blessed and happy",positive
"The new update is incredible, so many great features",positive
"Horrible app, keeps crashing every 5 minutes",negative
"customer support is useless, nobody answers",negative
"Fantastic experience at the restaurant, will definitely return",positive
Best day ever! Everything went perfectly today 🎉 🙌,positive
"Excellent service as always, never disappoints",positive
"The new update is incredible, so many great features 🙌",positive
Just woke up and checking the news #trending,neutral
grateful for amazing friends and family today 💕,positive
the new model comes with updated specifications,neutral
Never again! This company does not care about customers,negative
"The new update is incredible, so many great features",positive
"terrible customer service, waited 2 hours for help",negative
Just woke up and checking the news #trending,neutral
"Awful food, cold and tasteless, total disappointment",negative
comparing different plans before making a decision,neutral
"RT: Just finished an amazing book, totally recommend it!",positive
"Outstanding quality, worth every penny spent #trending",positive
"RT: Outstanding quality, worth every penny spent",positive
"The new update is incredible, so many great features",positive
Reviewing the terms and conditions of the service,neutral
"RT: Excellent service as always, never disappoints",positive
the store closes at 9pm on weekdays,neutral
RT: Grateful for amazing friends and family today 💕,positive
the store closes at 9pm on weekdays,neutral
The package is expected to arrive in 3-5 business days #trending,neutral
Watched a documentary about climate change last night,neutral
"RT: Horrible app, keeps crashing every 5 minutes",negative
"Broken on arrival, no return policy, total scam #trending",negative
"complete failure, nothing works as advertised",negative
"Great customer service, very helpful and friendly staff",positive
traffic was normal today on the highway,neutral
RT: Attended a conference on machine learning today,neutral
"This product broke after one day, complete waste of money",negative
RT: The meeting was rescheduled to next Tuesday,neutral
"Thrilled with the results, hard work pays off! #trending",positive
"great customer service, very helpful and friendly staff",positive
"RT: Customer support is useless, nobody answers",negative
comparing different plans before making a decision,neutral
"the new update is incredible, so many great features",positive
"Customer support is useless, nobody answers #trending",negative
"this made my day so much better, thank you!",positive
Best day ever! Everything went perfectly today 🎉 🙌,positive
"horrible app, keeps crashing every 5 minutes",negative
"Love this app, makes my life so much easier! 🙌",positive
The new model comes with updated specifications,neutral
"RT: Great customer service, very helpful and friendly staff",positive
RT: Amazing product! Highly recommend to everyone!,positive
The meeting was rescheduled to next Tuesday,neutral
The new policy will take effect from next month,neutral
"RT: Disgusting behavior from staff, very rude and unhelpful",negative
Heading to the office today for some meetings,neutral
Just woke up and checking the news #trending,neutral
"this ruined my entire day, absolutely unacceptable",negative
So excited for the weekend! Plans are amazing 🙌,positive
"RT: Horrible app, keeps crashing every 5 minutes",negative
"So frustrated with this company, no response to emails #trending",negative
looking at options for my next phone upgrade,neutral
RT: The office will be closed on public holidays,neutral
RT: The quarterly report will be released next week,neutral
"Customer support is useless, nobody answers #trending",negative
updating my software to the latest version,neutral
"Thrilled with the results, hard work pays off! 🙌",positive
"So frustrated with this company, no response to emails",negative
Looking at options for my next phone upgrade #trending,neutral
"Perfect weather today, feeling blessed and happy",positive
"Very disappointed with the quality, not as described",negative
"The new update is incredible, so many great features #trending",positive
"extremely disappointed, this did not meet basic expectations",negative
"Awful food, cold and tasteless, total disappointment",negative
Checking the schedule for the upcoming events #trending,neutral
"Outstanding quality, worth every penny spent #trending",positive
Attended a conference on machine learning today,neutral
The quarterly report will be released next week #trending,neutral
just had the best coffee ever! loving this morning ☕😊,positive
RT: Just woke up and checking the news,neutral
RT: The package is expected to arrive in 3-5 business days,neutral
Watched a documentary about climate change last night,neutral
the weather forecast says it might rain tomorrow,neutral
The meeting was rescheduled to next Tuesday,neutral
"RT: Outstanding quality, worth every penny spent",positive
"Perfect weather today, feeling blessed and happy 🙌",positive
"RT: Disgusting behavior from staff, very rude and unhelpful",negative
fed up with these constant delays and poor service,negative
"Excellent service as always, never disappoints 🙌",positive
"This is absolutely wonderful, exceeded all my expectations!",positive
Just woke up and checking the news #trending,neutral
"RT: Terrible customer service, waited 2 hours for help",negative
RT: Just had the best coffee ever! Loving this morning ☕😊,positive
Comparing different plans before making a decision,neutral
Watched a documentary about climate change last night,neutral
The package is expected to arrive in 3-5 business days,neutral
Just woke up and checking the news,neutral
RT: Reviewing the terms and conditions of the service,neutral
Never again! This company does not care about customers,negative
"very disappointed with the quality, not as described",negative
"love this app, makes my life so much easier!",positive
"Outstanding quality, worth every penny spent #trending",positive
RT: The weather forecast says it might rain tomorrow,neutral
"Fantastic experience at the restaurant, will definitely return 🙌",positive
"Broken on arrival, no return policy, total scam #trending",negative
Impressed with how fast the support team responded,positive
"Brilliant solution to a complex problem, well done! #trending",positive
"awful food, cold and tasteless, total disappointment",negative
RT: The weather forecast says it might rain tomorrow,neutral
The weather forecast says it might rain tomorrow,neutral
"Fantastic experience at the restaurant, will definitely return #trending",positive
Impressed with how fast the support team responded 🙌,positive
"RT: Complete failure, nothing works as advertised",negative
"Just finished an amazing book, totally recommend it!",positive
life is good when you have great people around you,positive
Had a regular lunch at the usual place today,neutral
RT: Grateful for amazing friends and family today 💕,positive
"Worst experience ever, will never come back again #trending",negative
best day ever! everything went perfectly today 🎉,positive
"Perfect weather today, feeling blessed and happy 🙌",positive
"disgusting behavior from staff, very rude and unhelpful",negative
Looking at options for my next phone upgrade,neutral
"RT: Thrilled with the results, hard work pays off!",positive
the package is expected to arrive in 3-5 business days,neutral
"Awful food, cold and tasteless, total disappointment",negative
"horrible app, keeps crashing every 5 minutes",negative
Heading to the office today for some meetings,neutral
"Terrible customer service, waited 2 hours for help",negative
Looking at options for my next phone upgrade,neutral
"This is absolutely wonderful, exceeded all my expectations! 🙌",positive
updating my software to the latest version,neutral
traffic was normal today on the highway,neutral
Just had the best coffee ever! Loving this morning ☕😊 #trending,positive
"Poor design, difficult to use, and crashes constantly",negative
"Poor design, difficult to use, and crashes constantly",negative
"RT: Poor design, difficult to use, and crashes constantly",negative
The office will be closed on public holidays,neutral
"This ruined my entire day, absolutely unacceptable #trending",negative
"Outstanding quality, worth every penny spent 🙌",positive
Updating my software to the latest version,neutral
"this is absolutely wonderful, exceeded all my expectations!",positive
"RT: Poor design, difficult to use, and crashes constantly",negative
"RT: This made my day so much better, thank you!",positive
Checking the schedule for the upcoming events,neutral
"Fantastic experience at the restaurant, will definitely return #trending",positive
Reviewing the terms and conditions of the service #trending,neutral
"So frustrated with this company, no response to emails",negative
Reviewing the terms and conditions of the service,neutral
The office will be closed on public holidays #trending,neutral
Comparing different plans before making a decision,neutral
The office will be closed on public holidays #trending,neutral
"terrible quality for such a high price, not worth it",negative
The quarterly report will be released next week,neutral
Impressed with how fast the support team responded #trending,positive
reviewing the terms and conditions of the service,neutral
RT: Impressed with how fast the support team responded,positive
comparing different plans before making a decision,neutral
"Customer support is useless, nobody answers #trending",negative
"Fantastic experience at the restaurant, will definitely return 🙌",positive
"worst experience ever, will never come back again",negative
Traffic was normal today on the highway,neutral
checking the schedule for the upcoming events,neutral
Just had the best coffee ever! Loving this morning ☕😊 #trending,positive
RT: Best day ever! Everything went perfectly today 🎉,positive
"Terrible quality for such a high price, not worth it #trending",negative
Checking the schedule for the upcoming events,neutral
RT: So excited for the weekend! Plans are amazing,positive
"the worst movie i have ever watched, total waste of time",negative
"Fantastic experience at the restaurant, will definitely return 🙌",positive
RT: Had a regular lunch at the usual place today,neutral
"The worst movie I have ever watched, total waste of time #trending",negative
"RT: Love this app, makes my life so much easier!",positive
RT: Grateful for amazing friends and family today 💕,positive
The meeting was rescheduled to next Tuesday #trending,neutral
Heading to the office today for some meetings #trending,neutral
RT: The new model comes with updated specifications,neutral
"This ruined my entire day, absolutely unacceptable",negative
"Love this app, makes my life so much easier! #trending",positive
Never again! This company does not care about customers,negative
"Brilliant solution to a complex problem, well done!",positive
"Awful food, cold and tasteless, total disappointment",negative
"Terrible customer service, waited 2 hours for help #trending",negative
"Perfect weather today, feeling blessed and happy 🙌",positive
fed up with these constant delays and poor service,negative
The meeting was rescheduled to next Tuesday,neutral
"RT: Horrible app, keeps crashing every 5 minutes",negative
"This is absolutely wonderful, exceeded all my expectations! 🙌",positive
So excited for the weekend! Plans are amazing 🙌,positive
The package is expected to arrive in 3-5 business days #trending,neutral
"brilliant solution to a complex problem, well done!",positive
"the new update is incredible, so many great features",positive
Fed up with these constant delays and poor service #trending,negative
"Extremely disappointed, this did not meet basic expectations",negative
"Disgusting behavior from staff, very rude and unhelpful",negative
"Perfect weather today, feeling blessed and happy #trending",positive
"Outstanding quality, worth every penny spent #trending",positive
RT: The new model comes with updated specifications,neutral
RT: Traffic was normal today on the highway,neutral
"Love this app, makes my life so much easier! 🙌",positive
The quarterly report will be released next week #trending,neutral
The store closes at 9pm on weekdays,neutral
"Disgusting behavior from staff, very rude and unhelpful",negative
Just woke up and checking the news,neutral
"Excellent service as always, never disappoints",positive
Had a regular lunch at the usual place today #trending,neutral
RT: So excited for the weekend! Plans are amazing,positive
Best day ever! Everything went perfectly today 🎉,positive
Never again! This company does not care about customers #trending,negative
updating my software to the latest version,neutral
"RT: Customer support is useless, nobody answers",negative
Reviewing the terms and conditions of the service #trending,neutral
Heading to the office today for some meetings,neutral
The store closes at 9pm on weekdays,neutral
"customer support is useless, nobody answers",negative
the meeting was rescheduled to next tuesday,neutral
Fed up with these constant delays and poor service #trending,negative
"RT: Excellent service as always, never disappoints",positive
"RT: The new update is incredible, so many great features",positive
"This product broke after one day, complete waste of money #trending",negative
"Very disappointed with the quality, not as described",negative
Updating my software to the latest version,neutral
"RT: Awful food, cold and tasteless, total disappointment",negative
Looking at options for my next phone upgrade,neutral
"Love this app, makes my life so much easier! #trending",positive
"excellent service as always, never disappoints",positive
"Extremely disappointed, this did not meet basic expectations",negative
RT: Delivery was late and the package was damaged,negative
Reading about the latest technology developments,neutral
"Horrible app, keeps crashing every 5 minutes #trending",negative
"RT: Thrilled with the results, hard work pays off!",positive
"RT: This ruined my entire day, absolutely unacceptable",negative
"Horrible app, keeps crashing every 5 minutes",negative
RT: Amazing product! Highly recommend to everyone!,positive
Reviewing the terms and conditions of the service,neutral
the quarterly report will be released next week,neutral
Updating my software to the latest version #trending,neutral
"RT: This is absolutely unacceptable, I want a refund",negative
"this made my day so much better, thank you!",positive
Watched a documentary about climate change last night #trending,neutral
"Awful food, cold and tasteless, total disappointment #trending",negative
The package is expected to arrive in 3-5 business days,neutral
"Just finished an amazing book, totally recommend it! #trending",positive
"Thrilled with the results, hard work pays off!",positive
"Perfect weather today, feeling blessed and happy",positive
The weather forecast says it might rain tomorrow #trending,neutral
RT: The store closes at 9pm on weekdays,neutral
"complete failure, nothing works as advertised",negative
The quarterly report will be released next week,neutral
"Horrible app, keeps crashing every 5 minutes",negative
"RT: Very disappointed with the quality, not as described",negative
"This is absolutely unacceptable, I want a refund",negative
Fed up with these constant delays and poor service,negative
"This ruined my entire day, absolutely unacceptable",negative
"Brilliant solution to a complex problem, well done! #trending",positive
Traffic was normal today on the highway,neutral
"The new update is incredible, so many great features #trending",positive
Delivery was late and the package was damaged,negative
RT: Traffic was normal today on the highway,neutral
The meeting was rescheduled to next Tuesday,neutral
the quarterly report will be released next week,neutral
"this ruined my entire day, absolutely unacceptable",negative
"This ruined my entire day, absolutely unacceptable",negative
delivery was late and the package was damaged,negative
Checking the schedule for the upcoming events,neutral
Just woke up and checking the news,neutral
Never again! This company does not care about customers,negative
had a regular lunch at the usual place today,neutral
"Outstanding quality, worth every penny spent 🙌",positive
"Outstanding quality, worth every penny spent",positive
Never again! This company does not care about customers #trending,negative
"extremely disappointed, this did not meet basic expectations",negative
"Awful food, cold and tasteless, total disappointment #trending",negative
"Brilliant solution to a complex problem, well done! 🙌",positive
"RT: Excellent service as always, never disappoints",positive
had a regular lunch at the usual place today,neutral
"This is absolutely wonderful, exceeded all my expectations! #trending",positive
"Horrible app, keeps crashing every 5 minutes #trending",negative
"this product broke after one day, complete waste of money",negative
"RT: Poor design, difficult to use, and crashes constantly",negative
Delivery was late and the package was damaged,negative
Life is good when you have great people around you #trending,positive
Just woke up and checking the news #trending,neutral
RT: Grateful for amazing friends and family today 💕,positive
"RT: Broken on arrival, no return policy, total scam",negative
"RT: Brilliant solution to a complex problem, well done!",positive
"RT: Complete failure, nothing works as advertised",negative
The package is expected to arrive in 3-5 business days,neutral
"This ruined my entire day, absolutely unacceptable #trending",negative
"Excellent service as always, never disappoints",positive
RT: Attended a conference on machine learning today,neutral
"Poor design, difficult to use, and crashes constantly",negative
"Complete failure, nothing works as advertised #trending",negative
"Terrible customer service, waited 2 hours for help",negative
RT: Life is good when you have great people around you,positive
"The new update is incredible, so many great features #trending",positive
"very disappointed with the quality, not as described",negative
"Thrilled with the results, hard work pays off! #trending",positive
"Disgusting behavior from staff, very rude and unhelpful #trending",negative
Just had the best coffee ever! Loving this morning ☕😊 #trending,positive
life is good when you have great people around you,positive
"Horrible app, keeps crashing every 5 minutes",negative
"the worst movie i have ever watched, total waste of time",negative
Reviewing the terms and conditions of the service #trending,neutral
RT: Amazing product! Highly recommend to everyone!,positive
grateful for amazing friends and family today 💕,positive
Updating my software to the latest version #trending,neutral
Looking at options for my next phone upgrade,neutral
"Worst experience ever, will never come back again",negative
checking the schedule for the upcoming events,neutral
Just woke up and checking the news #trending,neutral
Heading to the office today for some meetings,neutral
"Complete failure, nothing works as advertised",negative
"Outstanding quality, worth every penny spent 🙌",positive
Impressed with how fast the support team responded #trending,positive
"Love this app, makes my life so much easier!",positive
"Thrilled with the results, hard work pays off!",positive
"Poor design, difficult to use, and crashes constantly #trending",negative
Attended a conference on machine learning today,neutral
Had a regular lunch at the usual place today,neutral
"this ruined my entire day, absolutely unacceptable",negative
the office will be closed on public holidays,neutral
RT: The store closes at 9pm on weekdays,neutral
"RT: Disgusting behavior from staff, very rude and unhelpful",negative
"awful food, cold and tasteless, total disappointment",negative
Traffic was normal today on the highway,neutral
"RT: So frustrated with this company, no response to emails",negative
"Perfect weather today, feeling blessed and happy",positive
RT: The weather forecast says it might rain tomorrow,neutral
fed up with these constant delays and poor service,negative
the new policy will take effect from next month,neutral
"Horrible app, keeps crashing every 5 minutes",negative
The office will be closed on public holidays,neutral
"Terrible quality for such a high price, not worth it",negative
"horrible app, keeps crashing every 5 minutes",negative
RT: The package is expected to arrive in 3-5 business days,neutral
"Terrible quality for such a high price, not worth it",negative
"RT: Extremely disappointed, this did not meet basic expectations",negative
Comparing different plans before making a decision,neutral
Watched a documentary about climate change last night #trending,neutral
RT: Comparing different plans before making a decision,neutral
"This product broke after one day, complete waste of money",negative
Attended a conference on machine learning today,neutral
"RT: Worst experience ever, will never come back again",negative
"This is absolutely wonderful, exceeded all my expectations! 🙌",positive
The weather forecast says it might rain tomorrow,neutral
"Very disappointed with the quality, not as described #trending",negative
RT: Impressed with how fast the support team responded,positive
"so happy with my purchase, fast delivery too!",positive
"The new update is incredible, so many great features 🙌",positive
"So happy with my purchase, fast delivery too!",positive
"Perfect weather today, feeling blessed and happy",positive
"Thrilled with the results, hard work pays off!",positive
"RT: Love this app, makes my life so much easier!",positive
"This is absolutely wonderful, exceeded all my expectations!",positive
The quarterly report will be released next week,neutral
"Horrible app, keeps crashing every 5 minutes #trending",negative
"terrible quality for such a high price, not worth it",negative
"great customer service, very helpful and friendly staff",positive
"This made my day so much better, thank you! #trending",positive
the office will be closed on public holidays,neutral
RT: Life is good when you have great people around you,positive
The package is expected to arrive in 3-5 business days #trending,neutral
RT: The new model comes with updated specifications,neutral
"love this app, makes my life so much easier!",positive
"Love this app, makes my life so much easier!",positive
"RT: This made my day so much better, thank you!",positive
The weather forecast says it might rain tomorrow #trending,neutral
"RT: Worst experience ever, will never come back again",negative
"Perfect weather today, feeling blessed and happy",positive
"RT: This made my day so much better, thank you!",positive
RT: The store closes at 9pm on weekdays,neutral
"so happy with my purchase, fast delivery too!",positive
The store closes at 9pm on weekdays,neutral
"RT: This made my day so much better, thank you!",positive
the new policy will take effect from next month,neutral
Watched a documentary about climate change last night,neutral
Reviewing the terms and conditions of the service,neutral
the quarterly report will be released next week,neutral
Watched a documentary about climate change last night,neutral
RT: The store closes at 9pm on weekdays,neutral
The weather forecast says it might rain tomorrow,neutral
The package is expected to arrive in 3-5 business days,neutral
"Just finished an amazing book, totally recommend it!",positive
"RT: Outstanding quality, worth every penny spent",positive
"Love this app, makes my life so much easier! 🙌",positive
"The worst movie I have ever watched, total waste of time #trending",negative
RT: Impressed with how fast the support team responded,positive
"Just finished an amazing book, totally recommend it!",positive
never again! this company does not care about customers,negative
"RT: Outstanding quality, worth every penny spent",positive
"So frustrated with this company, no response to emails",negative
"disgusting behavior from staff, very rude and unhelpful",negative
Attended a conference on machine learning today,neutral
So excited for the weekend! Plans are amazing #trending,positive
"Complete failure, nothing works as advertised",negative
amazing product! highly recommend to everyone!,positive
"Terrible customer service, waited 2 hours for help",negative
RT: The store closes at 9pm on weekdays,neutral
RT: Amazing product! Highly recommend to everyone!,positive
"Extremely disappointed, this did not meet basic expectations",negative
RT: Never again! This company does not care about customers,negative
Had a regular lunch at the usual place today #trending,neutral
"Complete failure, nothing works as advertised",negative
the weather forecast says it might rain tomorrow,neutral
"This is absolutely wonderful, exceeded all my expectations! 🙌",positive
The quarterly report will be released next week,neutral
"Great customer service, very helpful and friendly staff",positive
"love this app, makes my life so much easier!",positive
"Complete failure, nothing works as advertised",negative
"Extremely disappointed, this did not meet basic expectations",negative
"RT: Disgusting behavior from staff, very rude and unhelpful",negative
"broken on arrival, no return policy, total scam",negative
"This product broke after one day, complete waste of money",negative
Best day ever! Everything went perfectly today 🎉,positive
RT: Life is good when you have great people around you,positive
"Terrible quality for such a high price, not worth it",negative
"Broken on arrival, no return policy, total scam",negative
"Very disappointed with the quality, not as described",negative
reading about the latest technology developments,neutral
RT: The new model comes with updated specifications,neutral
"Excellent service as always, never disappoints",positive
"The worst movie I have ever watched, total waste of time",negative
"Awful food, cold and tasteless, total disappointment",negative
Amazing product! Highly recommend to everyone! 🙌,positive
"Excellent service as always, never disappoints 🙌",positive
"Excellent service as always, never disappoints 🙌",positive
"RT: Perfect weather today, feeling blessed and happy",positive
"very disappointed with the quality, not as described",negative
traffic was normal today on the highway,neutral
"Outstanding quality, worth every penny spent #trending",positive
"complete failure, nothing works as advertised",negative
"RT: Fantastic experience at the restaurant, will definitely return",positive
"Fantastic experience at the restaurant, will definitely return #trending",positive
"Extremely disappointed, this did not meet basic expectations",negative
Best day ever! Everything went perfectly today 🎉,positive
The new model comes with updated specifications,neutral
"RT: This made my day so much better, thank you!",positive
RT: Reading about the latest technology developments,neutral
"RT: The new update is incredible, so many great features",positive
"RT: Excellent service as always, never disappoints",positive
"Just finished an amazing book, totally recommend it!",positive
RT: Updating my software to the latest version,neutral
"disgusting behavior from staff, very rude and unhelpful",negative
"This ruined my entire day, absolutely unacceptable",negative
RT: Reviewing the terms and conditions of the service,neutral
"Just finished an amazing book, totally recommend it! 🙌",positive
Never again! This company does not care about customers #trending,negative
comparing different plans before making a decision,neutral
"Complete failure, nothing works as advertised #trending",negative
The new model comes with updated specifications,neutral
"This product broke after one day, complete waste of money #trending",negative
The office will be closed on public holidays,neutral
"Extremely disappointed, this did not meet basic expectations",negative
RT: Had a regular lunch at the usual place today,neutral
"Terrible quality for such a high price, not worth it #trending",negative
"Love this app, makes my life so much easier! #trending",positive
"RT: Terrible customer service, waited 2 hours for help",negative
"worst experience ever, will never come back again",negative
"The worst movie I have ever watched, total waste of time #trending",negative
traffic was normal today on the highway,neutral
The quarterly report will be released next week #trending,neutral
"This is absolutely unacceptable, I want a refund",negative
delivery was late and the package was damaged,negative
"This is absolutely unacceptable, I want a refund",negative
Impressed with how fast the support team responded 🙌,positive
so excited for the weekend! plans are amazing,positive
"RT: Broken on arrival, no return policy, total scam",negative
"Customer support is useless, nobody answers",negative
RT: Comparing different plans before making a decision,neutral
Reading about the latest technology developments,neutral
"Terrible quality for such a high price, not worth it",negative
Just woke up and checking the news,neutral
RT: Delivery was late and the package was damaged,negative
RT: The weather forecast says it might rain tomorrow,neutral
"This made my day so much better, thank you!",positive
Fed up with these constant delays and poor service,negative
Watched a documentary about climate change last night,neutral
"excellent service as always, never disappoints",positive
Reading about the latest technology developments #trending,neutral
"Love this app, makes my life so much easier! 🙌",positive
Amazing product! Highly recommend to everyone!,positive
"This product broke after one day, complete waste of money #trending",negative
RT: Updating my software to the latest version,neutral
"Perfect weather today, feeling blessed and happy",positive
RT: Best day ever! Everything went perfectly today 🎉,positive
"Very disappointed with the quality, not as described #trending",negative
"This product broke after one day, complete waste of money",negative
Attended a conference on machine learning today,neutral
RT: The weather forecast says it might rain tomorrow,neutral
Comparing different plans before making a decision #trending,neutral
RT: Delivery was late and the package was damaged,negative
RT: The store closes at 9pm on weekdays,neutral
"Very disappointed with the quality, not as described",negative
Had a regular lunch at the usual place today,neutral
just woke up and checking the news,neutral
The new model comes with updated specifications,neutral
RT: Delivery was late and the package was damaged,negative
So excited for the weekend! Plans are amazing 🙌,positive
"Thrilled with the results, hard work pays off! #trending",positive
"Thrilled with the results, hard work pays off! 🙌",positive
"Terrible quality for such a high price, not worth it",negative
RT: Updating my software to the latest version,neutral
heading to the office today for some meetings,neutral
The new policy will take effect from next month,neutral
RT: Amazing product! Highly recommend to everyone!,positive
Reviewing the terms and conditions of the service,neutral
"Complete failure, nothing works as advertised",negative
The new model comes with updated specifications,neutral
"RT: Extremely disappointed, this did not meet basic expectations",negative
Just woke up and checking the news #trending,neutral
"complete failure, nothing works as advertised",negative
"So frustrated with this company, no response to emails #trending",negative
Looking at options for my next phone upgrade,neutral
RT: Updating my software to the latest version,neutral
The store closes at 9pm on weekdays,neutral
Checking the schedule for the upcoming events #trending,neutral
the meeting was rescheduled to next tuesday,neutral
"Love this app, makes my life so much easier! 🙌",positive
"Brilliant solution to a complex problem, well done! #trending",positive
"RT: Customer support is useless, nobody answers",negative
RT: Reading about the latest technology developments,neutral
"So frustrated with this company, no response to emails #trending",negative
"Brilliant solution to a complex problem, well done! #trending",positive
"The worst movie I have ever watched, total waste of time",negative
Updating my software to the latest version #trending,neutral
"This is absolutely wonderful, exceeded all my expectations! 🙌",positive
"fantastic experience at the restaurant, will definitely return",positive
updating my software to the latest version,neutral
"Customer support is useless, nobody answers",negative
The package is expected to arrive in 3-5 business days,neutral
"Broken on arrival, no return policy, total scam",negative
RT: Had a regular lunch at the usual place today,neutral
Had a regular lunch at the usual place today,neutral
"The new update is incredible, so many great features #trending",positive
RT: Comparing different plans before making a decision,neutral
the store closes at 9pm on weekdays,neutral
"Very disappointed with the quality, not as described #trending",negative
"Broken on arrival, no return policy, total scam #trending",negative
"RT: Thrilled with the results, hard work pays off!",positive
Impressed with how fast the support team responded 🙌,positive
"RT: This is absolutely unacceptable, I want a refund",negative
"Awful food, cold and tasteless, total disappointment",negative
heading to the office today for some meetings,neutral
The store closes at 9pm on weekdays,neutral
Never again! This company does not care about customers,negative
Had a regular lunch at the usual place today,neutral
The office will be closed on public holidays,neutral
amazing product! highly recommend to everyone!,positive
"Poor design, difficult to use, and crashes constantly #trending",negative
Checking the schedule for the upcoming events #trending,neutral
Amazing product! Highly recommend to everyone! 🙌,positive
delivery was late and the package was damaged,negative
"This is absolutely unacceptable, I want a refund #trending",negative
"Love this app, makes my life so much easier! #trending",positive
"RT: Excellent service as always, never disappoints",positive
The new policy will take effect from next month,neutral
Reading about the latest technology developments #trending,neutral
"So frustrated with this company, no response to emails",negative
best day ever! everything went perfectly today 🎉,positive
"Just finished an amazing book, totally recommend it! 🙌",positive
The quarterly report will be released next week,neutral
"Complete failure, nothing works as advertised",negative
"fantastic experience at the restaurant, will definitely return",positive
The package is expected to arrive in 3-5 business days,neutral
"terrible quality for such a high price, not worth it",negative
"Very disappointed with the quality, not as described #trending",negative
Best day ever! Everything went perfectly today 🎉,positive
Checking the schedule for the upcoming events,neutral
"Brilliant solution to a complex problem, well done!",positive
"Customer support is useless, nobody answers #trending",negative
"RT: Terrible customer service, waited 2 hours for help",negative
"terrible customer service, waited 2 hours for help",negative
"Outstanding quality, worth every penny spent",positive
"Disgusting behavior from staff, very rude and unhelpful",negative
Traffic was normal today on the highway,neutral
Never again! This company does not care about customers #trending,negative
Amazing product! Highly recommend to everyone!,positive
"So frustrated with this company, no response to emails",negative
Updating my software to the latest version,neutral
Traffic was normal today on the highway #trending,neutral
"Terrible quality for such a high price, not worth it #trending",negative
updating my software to the latest version,neutral
"Horrible app, keeps crashing every 5 minutes",negative
Grateful for amazing friends and family today 💕,positive
"Terrible quality for such a high price, not worth it",negative
"RT: The new update is incredible, so many great features",positive
Amazing product! Highly recommend to everyone! 🙌,positive
The new model comes with updated specifications,neutral
reviewing the terms and conditions of the service,neutral
"Outstanding quality, worth every penny spent",positive
"poor design, difficult to use, and crashes constantly",negative
"This product broke after one day, complete waste of money #trending",negative
The new policy will take effect from next month #trending,neutral
"Very disappointed with the quality, not as described #trending",negative
delivery was late and the package was damaged,negative
"This made my day so much better, thank you!",positive
"Perfect weather today, feeling blessed and happy #trending",positive
RT: Just had the best coffee ever! Loving this morning ☕😊,positive
traffic was normal today on the highway,neutral
"Terrible quality for such a high price, not worth it",negative
"RT: Poor design, difficult to use, and crashes constantly",negative
just had the best coffee ever! loving this morning ☕😊,positive
So excited for the weekend! Plans are amazing #trending,positive
RT: The store closes at 9pm on weekdays,neutral
"Complete failure, nothing works as advertised",negative
RT: Impressed with how fast the support team responded,positive
"Perfect weather today, feeling blessed and happy",positive
"RT: This product broke after one day, complete waste of money",negative
Watched a documentary about climate change last night,neutral
"Thrilled with the results, hard work pays off! 🙌",positive
"Worst experience ever, will never come back again",negative
Fed up with these constant delays and poor service,negative
The new model comes with updated specifications,neutral
Had a regular lunch at the usual place today #trending,neutral
"Horrible app, keeps crashing every 5 minutes",negative
Life is good when you have great people around you,positive
the quarterly report will be released next week,neutral
"RT: Disgusting behavior from staff, very rude and unhelpful",negative
"RT: So happy with my purchase, fast delivery too!",positive
Watched a documentary about climate change last night,neutral
Never again! This company does not care about customers #trending,negative
The weather forecast says it might rain tomorrow #trending,neutral
The package is expected to arrive in 3-5 business days,neutral
traffic was normal today on the highway,neutral
attended a conference on machine learning today,neutral
The weather forecast says it might rain tomorrow,neutral
"Very disappointed with the quality, not as described",negative
Heading to the office today for some meetings,neutral
"Fantastic experience at the restaurant, will definitely return 🙌",positive
heading to the office today for some meetings,neutral
"very disappointed with the quality, not as described",negative
"love this app, makes my life so much easier!",positive
"RT: Awful food, cold and tasteless, total disappointment",negative
The office will be closed on public holidays,neutral
Traffic was normal today on the highway,neutral
"RT: Outstanding quality, worth every penny spent",positive
Amazing product! Highly recommend to everyone!,positive
Heading to the office today for some meetings #trending,neutral
"RT: This is absolutely unacceptable, I want a refund",negative
The new model comes with updated specifications #trending,neutral
"RT: Excellent service as always, never disappoints",positive
Delivery was late and the package was damaged,negative
RT: Fed up with these constant delays and poor service,negative
RT: Just woke up and checking the news,neutral
"this is absolutely unacceptable, i want a refund",negative
"Just finished an amazing book, totally recommend it!",positive
Traffic was normal today on the highway,neutral
"Excellent service as always, never disappoints #trending",positive
Grateful for amazing friends and family today 💕 #trending,positive
"fantastic experience at the restaurant, will definitely return",positive
"this is absolutely wonderful, exceeded all my expectations!",positive
"Great customer service, very helpful and friendly staff #trending",positive
"Excellent service as always, never disappoints",positive
Grateful for amazing friends and family today 💕 #trending,positive
"The new update is incredible, so many great features",positive
amazing product! highly recommend to everyone!,positive
"so happy with my purchase, fast delivery too!",positive
"Worst experience ever, will never come back again",negative
"RT: Perfect weather today, feeling blessed and happy",positive
"Just finished an amazing book, totally recommend it!",positive
Reading about the latest technology developments,neutral
"Worst experience ever, will never come back again #trending",negative
"So frustrated with this company, no response to emails",negative
RT: The weather forecast says it might rain tomorrow,neutral
"RT: So frustrated with this company, no response to emails",negative
Comparing different plans before making a decision,neutral
"RT: This ruined my entire day, absolutely unacceptable",negative
"this product broke after one day, complete waste of money",negative
"Disgusting behavior from staff, very rude and unhelpful #trending",negative
"Awful food, cold and tasteless, total disappointment #trending",negative
Fed up with these constant delays and poor service,negative
"Terrible quality for such a high price, not worth it #trending",negative
"Extremely disappointed, this did not meet basic expectations",negative
Impressed with how fast the support team responded #trending,positive
attended a conference on machine learning today,neutral
The new policy will take effect from next month,neutral
RT: Watched a documentary about climate change last night,neutral
The weather forecast says it might rain tomorrow,neutral
Best day ever! Everything went perfectly today 🎉 🙌,positive
"Complete failure, nothing works as advertised #trending",negative
"great customer service, very helpful and friendly staff",positive
"Poor design, difficult to use, and crashes constantly",negative
Had a regular lunch at the usual place today #trending,neutral
Looking at options for my next phone upgrade,neutral
"Thrilled with the results, hard work pays off! #trending",positive
comparing different plans before making a decision,neutral
RT: Watched a documentary about climate change last night,neutral
"Extremely disappointed, this did not meet basic expectations",negative
"RT: This product broke after one day, complete waste of money",negative
Comparing different plans before making a decision #trending,neutral
RT: Never again! This company does not care about customers,negative
RT: The office will be closed on public holidays,neutral
"Fantastic experience at the restaurant, will definitely return",positive
"Worst experience ever, will never come back again",negative
RT: Traffic was normal today on the highway,neutral
"This product broke after one day, complete waste of money",negative
"Brilliant solution to a complex problem, well done! 🙌",positive
life is good when you have great people around you,positive
"Awful food, cold and tasteless, total disappointment",negative
"excellent service as always, never disappoints",positive
The weather forecast says it might rain tomorrow,neutral
Fed up with these constant delays and poor service #trending,negative
Fed up with these constant delays and poor service,negative
traffic was normal today on the highway,neutral
RT: Comparing different plans before making a decision,neutral
"RT: This product broke after one day, complete waste of money",negative
"horrible app, keeps crashing every 5 minutes",negative
"outstanding quality, worth every penny spent",positive
RT: Traffic was normal today on the highway,neutral
RT: Best day ever! Everything went perfectly today 🎉,positive
Amazing product! Highly recommend to everyone!,positive
RT: The meeting was rescheduled to next Tuesday,neutral
"Disgusting behavior from staff, very rude and unhelpful #trending",negative
"RT: Poor design, difficult to use, and crashes constantly",negative
"Extremely disappointed, this did not meet basic expectations #trending",negative
Grateful for amazing friends and family today 💕,positive
"The new update is incredible, so many great features 🙌",positive
"Brilliant solution to a complex problem, well done! 🙌",positive
"very disappointed with the quality, not as described",negative
Fed up with these constant delays and poor service,negative
RT: Watched a documentary about climate change last night,neutral
"Love this app, makes my life so much easier! 🙌",positive
reviewing the terms and conditions of the service,neutral
"The new update is incredible, so many great features 🙌",positive
"This is absolutely unacceptable, I want a refund",negative
"This is absolutely unacceptable, I want a refund #trending",negative
Grateful for amazing friends and family today 💕,positive
"RT: Perfect weather today, feeling blessed and happy",positive
"This product broke after one day, complete waste of money",negative
"Great customer service, very helpful and friendly staff #trending",positive
"perfect weather today, feeling blessed and happy",positive
"extremely disappointed, this did not meet basic expectations",negative
RT: The store closes at 9pm on weekdays,neutral
"excellent service as always, never disappoints",positive
Grateful for amazing friends and family today 💕 #trending,positive
Delivery was late and the package was damaged #trending,negative
Looking at options for my next phone upgrade,neutral
The new policy will take effect from next month,neutral
"fantastic experience at the restaurant, will definitely return",positive
Just had the best coffee ever! Loving this morning ☕😊,positive
"worst experience ever, will never come back again",negative
Delivery was late and the package was damaged,negative
"Awful food, cold and tasteless, total disappointment #trending",negative
Watched a documentary about climate change last night #trending,neutral
RT: Amazing product! Highly recommend to everyone!,positive
"RT: The worst movie I have ever watched, total waste of time",negative
best day ever! everything went perfectly today 🎉,positive
RT: The package is expected to arrive in 3-5 business days,neutral
looking at options for my next phone upgrade,neutral
Fed up with these constant delays and poor service,negative
"The new update is incredible, so many great features",positive
"Fantastic experience at the restaurant, will definitely return",positive
"terrible quality for such a high price, not worth it",negative
reading about the latest technology developments,neutral
"Horrible app, keeps crashing every 5 minutes",negative
So excited for the weekend! Plans are amazing,positive
"Love this app, makes my life so much easier!",positive
Amazing product! Highly recommend to everyone! #trending,positive
"RT: Very disappointed with the quality, not as described",negative
Heading to the office today for some meetings,neutral
RT: Checking the schedule for the upcoming events,neutral
"this made my day so much better, thank you!",positive
RT: Comparing different plans before making a decision,neutral
Never again! This company does not care about customers,negative
delivery was late and the package was damaged,negative
RT: The office will be closed on public holidays,neutral
"Worst experience ever, will never come back again",negative
"So happy with my purchase, fast delivery too!",positive
had a regular lunch at the usual place today,neutral
Updating my software to the latest version,neutral
The office will be closed on public holidays,neutral
The package is expected to arrive in 3-5 business days #trending,neutral
RT: So excited for the weekend! Plans are amazing,positive
RT: The package is expected to arrive in 3-5 business days,neutral
Impressed with how fast the support team responded,positive
The office will be closed on public holidays,neutral
"RT: Terrible quality for such a high price, not worth it",negative
"fantastic experience at the restaurant, will definitely return",positive
RT: Attended a conference on machine learning today,neutral
The meeting was rescheduled to next Tuesday,neutral
The office will be closed on public holidays #trending,neutral
"Awful food, cold and tasteless, total disappointment",negative
"Love this app, makes my life so much easier!",positive
"Disgusting behavior from staff, very rude and unhelpful #trending",negative
Heading to the office today for some meetings,neutral
The quarterly report will be released next week #trending,neutral
Checking the schedule for the upcoming events #trending,neutral
"this is absolutely wonderful, exceeded all my expectations!",positive
Traffic was normal today on the highway,neutral
"Awful food, cold and tasteless, total disappointment",negative
"This made my day so much better, thank you!",positive
"Disgusting behavior from staff, very rude and unhelpful",negative
Just woke up and checking the news,neutral
"Thrilled with the results, hard work pays off! #trending",positive
Never again! This company does not care about customers,negative
the new policy will take effect from next month,neutral
RT: Attended a conference on machine learning today,neutral
"RT: Terrible quality for such a high price, not worth it",negative
"RT: The new update is incredible, so many great features",positive
"Extremely disappointed, this did not meet basic expectations",negative
Just had the best coffee ever! Loving this morning ☕😊 🙌,positive
"Extremely disappointed, this did not meet basic expectations",negative
So excited for the weekend! Plans are amazing,positive
"Just finished an amazing book, totally recommend it! #trending",positive
"fantastic experience at the restaurant, will definitely return",positive
"The worst movie I have ever watched, total waste of time",negative
"Extremely disappointed, this did not meet basic expectations",negative
Delivery was late and the package was damaged,negative
"So happy with my purchase, fast delivery too!",positive
"RT: Great customer service, very helpful and friendly staff",positive
Looking at options for my next phone upgrade,neutral
RT: Checking the schedule for the upcoming events,neutral
"Horrible app, keeps crashing every 5 minutes",negative
The weather forecast says it might rain tomorrow,neutral
The new policy will take effect from next month,neutral
reviewing the terms and conditions of the service,neutral
"Outstanding quality, worth every penny spent",positive
"Terrible quality for such a high price, not worth it",negative
"Complete failure, nothing works as advertised #trending",negative
impressed with how fast the support team responded,positive
"Disgusting behavior from staff, very rude and unhelpful",negative
"Terrible customer service, waited 2 hours for help #trending",negative
The package is expected to arrive in 3-5 business days,neutral
The meeting was rescheduled to next Tuesday,neutral
"Terrible quality for such a high price, not worth it",negative
Heading to the office today for some meetings,neutral
"The worst movie I have ever watched, total waste of time",negative
"This is absolutely unacceptable, I want a refund #trending",negative
"This product broke after one day, complete waste of money",negative
"Very disappointed with the quality, not as described #trending",negative
Attended a conference on machine learning today,neutral
The store closes at 9pm on weekdays,neutral
The meeting was rescheduled to next Tuesday #trending,neutral
"Fantastic experience at the restaurant, will definitely return 🙌",positive
The meeting was rescheduled to next Tuesday #trending,neutral
Comparing different plans before making a decision,neutral
Best day ever! Everything went perfectly today 🎉 🙌,positive
RT: Checking the schedule for the upcoming events,neutral
Fed up with these constant delays and poor service,negative
Fed up with these constant delays and poor service,negative
so excited for the weekend! plans are amazing,positive
"RT: Worst experience ever, will never come back again",negative
"Worst experience ever, will never come back again",negative
"Great customer service, very helpful and friendly staff #trending",positive
RT: Best day ever! Everything went perfectly today 🎉,positive
had a regular lunch at the usual place today,neutral
Reading about the latest technology developments,neutral
The meeting was rescheduled to next Tuesday,neutral
"so happy with my purchase, fast delivery too!",positive
"The worst movie I have ever watched, total waste of time #trending",negative
The store closes at 9pm on weekdays #trending,neutral
never again! this company does not care about customers,negative
Just had the best coffee ever! Loving this morning ☕😊,positive
"RT: Brilliant solution to a complex problem, well done!",positive
the new policy will take effect from next month,neutral
"RT: Great customer service, very helpful and friendly staff",positive
RT: Reading about the latest technology developments,neutral
"Love this app, makes my life so much easier! #trending",positive
RT: Reviewing the terms and conditions of the service,neutral
"RT: Great customer service, very helpful and friendly staff",positive
"Perfect weather today, feeling blessed and happy 🙌",positive
Updating my software to the latest version #trending,neutral
"RT: Just finished an amazing book, totally recommend it!",positive
Checking the schedule for the upcoming events #trending,neutral
"Extremely disappointed, this did not meet basic expectations",negative
"Outstanding quality, worth every penny spent #trending",positive
The new policy will take effect from next month,neutral
"Excellent service as always, never disappoints",positive
Grateful for amazing friends and family today 💕 🙌,positive
"Terrible customer service, waited 2 hours for help",negative
Updating my software to the latest version,neutral
"RT: Terrible quality for such a high price, not worth it",negative
Updating my software to the latest version,neutral
"horrible app, keeps crashing every 5 minutes",negative
"Poor design, difficult to use, and crashes constantly",negative
"This made my day so much better, thank you! #trending",positive
"This ruined my entire day, absolutely unacceptable",negative
"This ruined my entire day, absolutely unacceptable",negative
"RT: Just finished an amazing book, totally recommend it!",positive
"Terrible customer service, waited 2 hours for help #trending",negative
RT: Life is good when you have great people around you,positive
"Great customer service, very helpful and friendly staff 🙌",positive
The quarterly report will be released next week #trending,neutral
"Brilliant solution to a complex problem, well done!",positive
The new model comes with updated specifications,neutral
the office will be closed on public holidays,neutral
"Terrible quality for such a high price, not worth it",negative
Looking at options for my next phone upgrade,neutral
"So frustrated with this company, no response to emails #trending",negative
"very disappointed with the quality, not as described",negative
"Disgusting behavior from staff, very rude and unhelpful #trending",negative
RT: Comparing different plans before making a decision,neutral
"Complete failure, nothing works as advertised",negative
Just had the best coffee ever! Loving this morning ☕😊,positive
"This ruined my entire day, absolutely unacceptable",negative
The quarterly report will be released next week #trending,neutral
"This is absolutely unacceptable, I want a refund",negative
Looking at options for my next phone upgrade,neutral
Updating my software to the latest version,neutral
"RT: Awful food, cold and tasteless, total disappointment",negative
"RT: This is absolutely unacceptable, I want a refund",negative
so excited for the weekend! plans are amazing,positive
"poor design, difficult to use, and crashes constantly",negative
Reading about the latest technology developments,neutral
RT: Just woke up and checking the news,neutral
"terrible quality for such a high price, not worth it",negative
the meeting was rescheduled to next tuesday,neutral
"Perfect weather today, feeling blessed and happy 🙌",positive
"RT: Brilliant solution to a complex problem, well done!",positive
Looking at options for my next phone upgrade,neutral
"So happy with my purchase, fast delivery too!",positive
"Extremely disappointed, this did not meet basic expectations",negative
"So frustrated with this company, no response to emails",negative
Checking the schedule for the upcoming events #trending,neutral
traffic was normal today on the highway,neutral
"Terrible quality for such a high price, not worth it",negative
"Broken on arrival, no return policy, total scam",negative
Never again! This company does not care about customers #trending,negative
Comparing different plans before making a decision #trending,neutral
The meeting was rescheduled to next Tuesday,neutral
so excited for the weekend! plans are amazing,positive
"RT: This is absolutely unacceptable, I want a refund",negative
"Outstanding quality, worth every penny spent 🙌",positive
The meeting was rescheduled to next Tuesday,neutral
checking the schedule for the upcoming events,neutral
Delivery was late and the package was damaged,negative
"Poor design, difficult to use, and crashes constantly",negative
The quarterly report will be released next week,neutral
"RT: Worst experience ever, will never come back again",negative
RT: Heading to the office today for some meetings,neutral
updating my software to the latest version,neutral
"very disappointed with the quality, not as described",negative
Just had the best coffee ever! Loving this morning ☕😊 #trending,positive
Never again! This company does not care about customers #trending,negative
Attended a conference on machine learning today,neutral
Just woke up and checking the news,neutral
"The worst movie I have ever watched, total waste of time",negative
"Very disappointed with the quality, not as described",negative
Just had the best coffee ever! Loving this morning ☕😊 #trending,positive
comparing different plans before making a decision,neutral
The package is expected to arrive in 3-5 business days,neutral
grateful for amazing friends and family today 💕,positive
Amazing product! Highly recommend to everyone!,positive
Traffic was normal today on the highway,neutral
Impressed with how fast the support team responded #trending,positive
"this ruined my entire day, absolutely unacceptable",negative
"This is absolutely unacceptable, I want a refund",negative
"The worst movie I have ever watched, total waste of time",negative
life is good when you have great people around you,positive
"Outstanding quality, worth every penny spent 🙌",positive
The office will be closed on public holidays,neutral
The weather forecast says it might rain tomorrow,neutral
Impressed with how fast the support team responded,positive
"Thrilled with the results, hard work pays off! 🙌",positive
"Perfect weather today, feeling blessed and happy #trending",positive
"So happy with my purchase, fast delivery too!",positive
"RT: This is absolutely wonderful, exceeded all my expectations!",positive
RT: The quarterly report will be released next week,neutral
Had a regular lunch at the usual place today,neutral
"The worst movie I have ever watched, total waste of time",negative
Updating my software to the latest version,neutral
"Poor design, difficult to use, and crashes constantly",negative
RT: Heading to the office today for some meetings,neutral
"RT: Fantastic experience at the restaurant, will definitely return",positive
"Outstanding quality, worth every penny spent #trending",positive
Delivery was late and the package was damaged,negative
"Fantastic experience at the restaurant, will definitely return #trending",positive
Heading to the office today for some meetings #trending,neutral
"RT: Disgusting behavior from staff, very rude and unhelpful",negative
"brilliant solution to a complex problem, well done!",positive
"Love this app, makes my life so much easier! #trending",positive
"complete failure, nothing works as advertised",negative
"This is absolutely wonderful, exceeded all my expectations! 🙌",positive
"Excellent service as always, never disappoints 🙌",positive
"Broken on arrival, no return policy, total scam #trending",negative
best day ever! everything went perfectly today 🎉,positive
"Love this app, makes my life so much easier! #trending",positive
"awful food, cold and tasteless, total disappointment",negative
RT: Life is good when you have great people around you,positive
"the new update is incredible, so many great features",positive
"Worst experience ever, will never come back again",negative
"Great customer service, very helpful and friendly staff",positive
The package is expected to arrive in 3-5 business days,neutral
"Terrible customer service, waited 2 hours for help",negative
The store closes at 9pm on weekdays,neutral
"Awful food, cold and tasteless, total disappointment #trending",negative
"Horrible app, keeps crashing every 5 minutes",negative
reading about the latest technology developments,neutral
Traffic was normal today on the highway,neutral
The new policy will take effect from next month,neutral
"Disgusting behavior from staff, very rude and unhelpful #trending",negative
Updating my software to the latest version,neutral
"broken on arrival, no return policy, total scam",negative
"This product broke after one day, complete waste of money",negative
"Horrible app, keeps crashing every 5 minutes #trending",negative
"RT: This product broke after one day, complete waste of money",negative
"RT: Great customer service, very helpful and friendly staff",positive
The store closes at 9pm on weekdays #trending,neutral
"The worst movie I have ever watched, total waste of time #trending",negative
"Just finished an amazing book, totally recommend it!",positive
Attended a conference on machine learning today,neutral
"Disgusting behavior from staff, very rude and unhelpful",negative
Heading to the office today for some meetings,neutral
"RT: Thrilled with the results, hard work pays off!",positive
"Fantastic experience at the restaurant, will definitely return #trending",positive
attended a conference on machine learning today,neutral
looking at options for my next phone upgrade,neutral
Looking at options for my next phone upgrade,neutral
"this made my day so much better, thank you!",positive
"RT: Love this app, makes my life so much easier!",positive
The store closes at 9pm on weekdays,neutral
"extremely disappointed, this did not meet basic expectations",negative
reading about the latest technology developments,neutral
"Customer support is useless, nobody answers",negative
the weather forecast says it might rain tomorrow,neutral
The quarterly report will be released next week,neutral
RT: The new model comes with updated specifications,neutral
"So happy with my purchase, fast delivery too!",positive
"RT: Extremely disappointed, this did not meet basic expectations",negative
Checking the schedule for the upcoming events,neutral
RT: Had a regular lunch at the usual place today,neutral
RT: The new policy will take effect from next month,neutral
"Extremely disappointed, this did not meet basic expectations",negative
Impressed with how fast the support team responded 🙌,positive
"Awful food, cold and tasteless, total disappointment #trending",negative
"Awful food, cold and tasteless, total disappointment",negative
"Complete failure, nothing works as advertised",negative
"great customer service, very helpful and friendly staff",positive
"Broken on arrival, no return policy, total scam",negative
The weather forecast says it might rain tomorrow,neutral
"RT: So happy with my purchase, fast delivery too!",positive
The new policy will take effect from next month #trending,neutral
Best day ever! Everything went perfectly today 🎉 #trending,positive
"Outstanding quality, worth every penny spent 🙌",positive
"RT: Love this app, makes my life so much easier!",positive
"Love this app, makes my life so much easier!",positive
So excited for the weekend! Plans are amazing,positive
RT: Impressed with how fast the support team responded,positive
"Great customer service, very helpful and friendly staff",positive
the quarterly report will be released next week,neutral
"Customer support is useless, nobody answers",negative
the new model comes with updated specifications,neutral
"So happy with my purchase, fast delivery too! #trending",positive
RT: The new model comes with updated specifications,neutral
"Terrible customer service, waited 2 hours for help",negative
"Disgusting behavior from staff, very rude and unhelpful",negative
"This made my day so much better, thank you!",positive
Best day ever! Everything went perfectly today 🎉 🙌,positive
"fantastic experience at the restaurant, will definitely return",positive
Never again! This company does not care about customers #trending,negative
Delivery was late and the package was damaged,negative
RT: Just woke up and checking the news,neutral
"Customer support is useless, nobody answers",negative
"The worst movie I have ever watched, total waste of time",negative
"This product broke after one day, complete waste of money",negative
"This is absolutely unacceptable, I want a refund #trending",negative
"this is absolutely wonderful, exceeded all my expectations!",positive
"This is absolutely unacceptable, I want a refund",negative
attended a conference on machine learning today,neutral
"RT: This is absolutely wonderful, exceeded all my expectations!",positive
"disgusting behavior from staff, very rude and unhelpful",negative
The meeting was rescheduled to next Tuesday,neutral
Just had the best coffee ever! Loving this morning ☕😊 #trending,positive
updating my software to the latest version,neutral
"Perfect weather today, feeling blessed and happy",positive
"thrilled with the results, hard work pays off!",positive
"Fantastic experience at the restaurant, will definitely return 🙌",positive
fed up with these constant delays and poor service,negative
Just had the best coffee ever! Loving this morning ☕😊 #trending,positive
Never again! This company does not care about customers,negative
Life is good when you have great people around you 🙌,positive
life is good when you have great people around you,positive
"RT: Broken on arrival, no return policy, total scam",negative
"Extremely disappointed, this did not meet basic expectations #trending",negative
Looking at options for my next phone upgrade,neutral
just had the best coffee ever! loving this morning ☕😊,positive
Reviewing the terms and conditions of the service #trending,neutral
RT: The weather forecast says it might rain tomorrow,neutral
"RT: Great customer service, very helpful and friendly staff",positive
the store closes at 9pm on weekdays,neutral
"RT: So happy with my purchase, fast delivery too!",positive
"The worst movie I have ever watched, total waste of time",negative
just woke up and checking the news,neutral
"RT: The new update is incredible, so many great features",positive
"Broken on arrival, no return policy, total scam",negative
The package is expected to arrive in 3-5 business days #trending,neutral
RT: The meeting was rescheduled to next Tuesday,neutral
"Brilliant solution to a complex problem, well done! #trending",positive
"This made my day so much better, thank you! 🙌",positive
Just woke up and checking the news,neutral
RT: The quarterly report will be released next week,neutral
Impressed with how fast the support team responded 🙌,positive
Amazing product! Highly recommend to everyone! #trending,positive
RT: Never again! This company does not care about customers,negative
RT: The quarterly report will be released next week,neutral
"Love this app, makes my life so much easier! #trending",positive
"RT: The new update is incredible, so many great features",positive
"So frustrated with this company, no response to emails",negative
the office will be closed on public holidays,neutral
"fantastic experience at the restaurant, will definitely return",positive
"Poor design, difficult to use, and crashes constantly",negative
The new policy will take effect from next month,neutral
"Disgusting behavior from staff, very rude and unhelpful",negative
Had a regular lunch at the usual place today,neutral
Had a regular lunch at the usual place today,neutral
"RT: Excellent service as always, never disappoints",positive
the weather forecast says it might rain tomorrow,neutral
"RT: Brilliant solution to a complex problem, well done!",positive
RT: Reading about the latest technology developments,neutral
Heading to the office today for some meetings #trending,neutral
"RT: This is absolutely unacceptable, I want a refund",negative
"Great customer service, very helpful and friendly staff 🙌",positive
"The new update is incredible, so many great features",positive
So excited for the weekend! Plans are amazing #trending,positive
the new policy will take effect from next month,neutral
Delivery was late and the package was damaged #trending,negative
Best day ever! Everything went perfectly today 🎉,positive
"Just finished an amazing book, totally recommend it! 🙌",positive
the new policy will take effect from next month,neutral
"brilliant solution to a complex problem, well done!",positive
"RT: Outstanding quality, worth every penny spent",positive
grateful for amazing friends and family today 💕,positive
heading to the office today for some meetings,neutral
"Extremely disappointed, this did not meet basic expectations",negative
The weather forecast says it might rain tomorrow,neutral
Heading to the office today for some meetings,neutral
RT: The office will be closed on public holidays,neutral
Watched a documentary about climate change last night,neutral
RT: The package is expected to arrive in 3-5 business days,neutral
"The new update is incredible, so many great features",positive
"disgusting behavior from staff, very rude and unhelpful",negative
"This made my day so much better, thank you! #trending",positive
Reviewing the terms and conditions of the service,neutral
RT: Comparing different plans before making a decision,neutral
the quarterly report will be released next week,neutral
"This product broke after one day, complete waste of money",negative
"This is absolutely unacceptable, I want a refund #trending",negative
"Great customer service, very helpful and friendly staff 🙌",positive
Reading about the latest technology developments,neutral
"Terrible customer service, waited 2 hours for help #trending",negative
"The worst movie I have ever watched, total waste of time #trending",negative
"this is absolutely unacceptable, i want a refund",negative
RT: Just woke up and checking the news,neutral
So excited for the weekend! Plans are amazing 🙌,positive
"Brilliant solution to a complex problem, well done! 🙌",positive
"RT: So happy with my purchase, fast delivery too!",positive
"So happy with my purchase, fast delivery too! 🙌",positive
Heading to the office today for some meetings #trending,neutral
Looking at options for my next phone upgrade,neutral
"The worst movie I have ever watched, total waste of time #trending",negative
the package is expected to arrive in 3-5 business days,neutral
"The new update is incredible, so many great features",positive
"Terrible customer service, waited 2 hours for help",negative
"Great customer service, very helpful and friendly staff 🙌",positive
"RT: Thrilled with the results, hard work pays off!",positive
The meeting was rescheduled to next Tuesday #trending,neutral
Checking the schedule for the upcoming events,neutral
"Very disappointed with the quality, not as described #trending",negative
"RT: This is absolutely wonderful, exceeded all my expectations!",positive
RT: The store closes at 9pm on weekdays,neutral
"outstanding quality, worth every penny spent",positive
Delivery was late and the package was damaged,negative
RT: Checking the schedule for the upcoming events,neutral
Updating my software to the latest version #trending,neutral
The office will be closed on public holidays,neutral
reading about the latest technology developments,neutral
Grateful for amazing friends and family today 💕 🙌,positive
Delivery was late and the package was damaged #trending,negative
"poor design, difficult to use, and crashes constantly",negative
"The new update is incredible, so many great features",positive
so excited for the weekend! plans are amazing,positive
"This ruined my entire day, absolutely unacceptable",negative
Grateful for amazing friends and family today 💕 #trending,positive
"This product broke after one day, complete waste of money",negative
"so happy with my purchase, fast delivery too!",positive
RT: Checking the schedule for the upcoming events,neutral
Watched a documentary about climate change last night #trending,neutral
delivery was late and the package was damaged,negative
"awful food, cold and tasteless, total disappointment",negative
Life is good when you have great people around you 🙌,positive
RT: Just had the best coffee ever! Loving this morning ☕😊,positive
"The new update is incredible, so many great features #trending",positive
RT: Life is good when you have great people around you,positive
Had a regular lunch at the usual place today #trending,neutral
"So frustrated with this company, no response to emails",negative
"RT: Horrible app, keeps crashing every 5 minutes",negative
"So frustrated with this company, no response to emails #trending",negative
"Thrilled with the results, hard work pays off! #trending",positive
Best day ever! Everything went perfectly today 🎉,positive
"Brilliant solution to a complex problem, well done! 🙌",positive
Best day ever! Everything went perfectly today 🎉 🙌,positive
"The worst movie I have ever watched, total waste of time",negative
"Broken on arrival, no return policy, total scam",negative
"Just finished an amazing book, totally recommend it! #trending",positive
"Customer support is useless, nobody answers #trending",negative
Just woke up and checking the news,neutral
"Disgusting behavior from staff, very rude and unhelpful",negative
"RT: Customer support is useless, nobody answers",negative
Comparing different plans before making a decision #trending,neutral
"Broken on arrival, no return policy, total scam",negative
Updating my software to the latest version,neutral
"RT: Complete failure, nothing works as advertised",negative
RT: Never again! This company does not care about customers,negative
"Terrible quality for such a high price, not worth it #trending",negative
Just woke up and checking the news,neutral
RT: Life is good when you have great people around you,positive
"Terrible quality for such a high price, not worth it",negative
"Excellent service as always, never disappoints #trending",positive
"Terrible quality for such a high price, not worth it",negative
Just woke up and checking the news,neutral
RT: The quarterly report will be released next week,neutral
the new policy will take effect from next month,neutral
"Outstanding quality, worth every penny spent 🙌",positive
"Terrible customer service, waited 2 hours for help",negative
"outstanding quality, worth every penny spent",positive
"The new update is incredible, so many great features",positive
"this is absolutely wonderful, exceeded all my expectations!",positive
"RT: So frustrated with this company, no response to emails",negative
"Extremely disappointed, this did not meet basic expectations",negative
"so happy with my purchase, fast delivery too!",positive
Reading about the latest technology developments #trending,neutral
the new model comes with updated specifications,neutral
"Customer support is useless, nobody answers",negative
"RT: Poor design, difficult to use, and crashes constantly",negative
Delivery was late and the package was damaged,negative
"Excellent service as always, never disappoints",positive
"The new update is incredible, so many great features #trending",positive
just woke up and checking the news,neutral
"worst experience ever, will never come back again",negative
Comparing different plans before making a decision #trending,neutral
Updating my software to the latest version #trending,neutral
Looking at options for my next phone upgrade,neutral
"thrilled with the results, hard work pays off!",positive
"Thrilled with the results, hard work pays off! #trending",positive
Impressed with how fast the support team responded,positive
RT: Just woke up and checking the news,neutral
"outstanding quality, worth every penny spent",positive
"just finished an amazing book, totally recommend it!",positive
Comparing different plans before making a decision,neutral
"Horrible app, keeps crashing every 5 minutes",negative
The new policy will take effect from next month #trending,neutral
Fed up with these constant delays and poor service #trending,negative
"broken on arrival, no return policy, total scam",negative
Delivery was late and the package was damaged #trending,negative
"RT: This made my day so much better, thank you!",positive
"just finished an amazing book, totally recommend it!",positive
"Terrible customer service, waited 2 hours for help",negative
Life is good when you have great people around you,positive
The quarterly report will be released next week #trending,neutral
"Customer support is useless, nobody answers",negative
"this is absolutely unacceptable, i want a refund",negative
Never again! This company does not care about customers,negative
RT: Traffic was normal today on the highway,neutral
Heading to the office today for some meetings,neutral
Checking the schedule for the upcoming events,neutral
"Terrible customer service, waited 2 hours for help #trending",negative
"This ruined my entire day, absolutely unacceptable #trending",negative
"Customer support is useless, nobody answers",negative
The office will be closed on public holidays #trending,neutral
Heading to the office today for some meetings #trending,neutral
"RT: Customer support is useless, nobody answers",negative
"This ruined my entire day, absolutely unacceptable",negative
"very disappointed with the quality, not as described",negative
"Outstanding quality, worth every penny spent 🙌",positive
"RT: Just finished an amazing book, totally recommend it!",positive
"Excellent service as always, never disappoints",positive
"RT: Thrilled with the results, hard work pays off!",positive
Looking at options for my next phone upgrade,neutral
"Customer support is useless, nobody answers",negative
The store closes at 9pm on weekdays,neutral
RT: The new policy will take effect from next month,neutral
"Disgusting behavior from staff, very rude and unhelpful",negative
"RT: Horrible app, keeps crashing every 5 minutes",negative
Checking the schedule for the upcoming events,neutral
"RT: Very disappointed with the quality, not as described",negative
Fed up with these constant delays and poor service,negative
"Terrible quality for such a high price, not worth it",negative
RT: Comparing different plans before making a decision,neutral
"So happy with my purchase, fast delivery too!",positive
"RT: This is absolutely wonderful, exceeded all my expectations!",positive
RT: The weather forecast says it might rain tomorrow,neutral
"just finished an amazing book, totally recommend it!",positive
"Brilliant solution to a complex problem, well done! #trending",positive
RT: Reading about the latest technology developments,neutral
"RT: So happy with my purchase, fast delivery too!",positive
So excited for the weekend! Plans are amazing #trending,positive
So excited for the weekend! Plans are amazing 🙌,positive
The new policy will take effect from next month #trending,neutral
RT: Reading about the latest technology developments,neutral
RT: The package is expected to arrive in 3-5 business days,neutral
"This made my day so much better, thank you! 🙌",positive
"Horrible app, keeps crashing every 5 minutes #trending",negative
Just woke up and checking the news,neutral
"Worst experience ever, will never come back again",negative
So excited for the weekend! Plans are amazing 🙌,positive
RT: Updating my software to the latest version,neutral
"Customer support is useless, nobody answers",negative
"RT: This product broke after one day, complete waste of money",negative
"Thrilled with the results, hard work pays off!",positive
The meeting was rescheduled to next Tuesday,neutral
Traffic was normal today on the highway #trending,neutral
"This is absolutely unacceptable, I want a refund",negative
"this made my day so much better, thank you!",positive
RT: Traffic was normal today on the highway,neutral
Watched a documentary about climate change last night,neutral
Just woke up and checking the news,neutral
"Brilliant solution to a complex problem, well done! #trending",positive
"So frustrated with this company, no response to emails",negative
"Very disappointed with the quality, not as described",negative
the package is expected to arrive in 3-5 business days,neutral
"Terrible quality for such a high price, not worth it #trending",negative
So excited for the weekend! Plans are amazing 🙌,positive
"the new update is incredible, so many great features",positive
"Thrilled with the results, hard work pays off! 🙌",positive
"customer support is useless, nobody answers",negative
"RT: Disgusting behavior from staff, very rude and unhelpful",negative
"Love this app, makes my life so much easier! 🙌",positive
"RT: This made my day so much better, thank you!",positive
"Excellent service as always, never disappoints",positive
"Brilliant solution to a complex problem, well done! #trending",positive
"Horrible app, keeps crashing every 5 minutes",negative
the package is expected to arrive in 3-5 business days,neutral
grateful for amazing friends and family today 💕,positive
The weather forecast says it might rain tomorrow,neutral
"outstanding quality, worth every penny spent",positive
"Complete failure, nothing works as advertised #trending",negative
"perfect weather today, feeling blessed and happy",positive
RT: Reading about the latest technology developments,neutral
"So happy with my purchase, fast delivery too!",positive
"RT: Awful food, cold and tasteless, total disappointment",negative
"So frustrated with this company, no response to emails",negative
"Terrible customer service, waited 2 hours for help",negative
Heading to the office today for some meetings,neutral
Just woke up and checking the news,neutral
RT: Had a regular lunch at the usual place today,neutral
"RT: This is absolutely unacceptable, I want a refund",negative
Attended a conference on machine learning today #trending,neutral
The office will be closed on public holidays #trending,neutral
fed up with these constant delays and poor service,negative
"Perfect weather today, feeling blessed and happy 🙌",positive
attended a conference on machine learning today,neutral
So excited for the weekend! Plans are amazing 🙌,positive
"this made my day so much better, thank you!",positive
The new policy will take effect from next month #trending,neutral
"very disappointed with the quality, not as described",negative
So excited for the weekend! Plans are amazing #trending,positive
so excited for the weekend! plans are amazing,positive
"This is absolutely unacceptable, I want a refund",negative
"Broken on arrival, no return policy, total scam",negative
the quarterly report will be released next week,neutral
Watched a documentary about climate change last night,neutral
"RT: This product broke after one day, complete waste of money",negative
"Horrible app, keeps crashing every 5 minutes #trending",negative
Had a regular lunch at the usual place today,neutral
"RT: This made my day so much better, thank you!",positive
RT: Looking at options for my next phone upgrade,neutral
"Terrible quality for such a high price, not worth it #trending",negative
"Broken on arrival, no return policy, total scam #trending",negative
"just finished an amazing book, totally recommend it!",positive
The quarterly report will be released next week #trending,neutral
The package is expected to arrive in 3-5 business days,neutral
Heading to the office today for some meetings,neutral
The new policy will take effect from next month #trending,neutral
Fed up with these constant delays and poor service,negative
The weather forecast says it might rain tomorrow,neutral
"Brilliant solution to a complex problem, well done! 🙌",positive
"The worst movie I have ever watched, total waste of time",negative
heading to the office today for some meetings,neutral
"RT: This is absolutely unacceptable, I want a refund",negative
"Terrible quality for such a high price, not worth it #trending",negative
comparing different plans before making a decision,neutral
"This made my day so much better, thank you!",positive
never again! this company does not care about customers,negative
"Outstanding quality, worth every penny spent",positive
The weather forecast says it might rain tomorrow #trending,neutral
RT: Just had the best coffee ever! Loving this morning ☕😊,positive
"Complete failure, nothing works as advertised #trending",negative
"RT: This is absolutely wonderful, exceeded all my expectations!",positive
"terrible quality for such a high price, not worth it",negative
"This made my day so much better, thank you!",positive
best day ever! everything went perfectly today 🎉,positive
RT: Life is good when you have great people around you,positive
"This product broke after one day, complete waste of money",negative
Never again! This company does not care about customers #trending,negative
"Thrilled with the results, hard work pays off!",positive
"outstanding quality, worth every penny spent",positive
RT: Reading about the latest technology developments,neutral
RT: Delivery was late and the package was damaged,negative
"Terrible quality for such a high price, not worth it",negative
"So frustrated with this company, no response to emails",negative
"Complete failure, nothing works as advertised",negative
The new policy will take effect from next month,neutral
"This made my day so much better, thank you! #trending",positive
Just had the best coffee ever! Loving this morning ☕😊 #trending,positive
watched a documentary about climate change last night,neutral
"Extremely disappointed, this did not meet basic expectations #trending",negative
"this product broke after one day, complete waste of money",negative
"Complete failure, nothing works as advertised #trending",negative
"RT: Just finished an amazing book, totally recommend it!",positive
Life is good when you have great people around you #trending,positive
"This made my day so much better, thank you!",positive
Looking at options for my next phone upgrade,neutral
RT: Looking at options for my next phone upgrade,neutral
Looking at options for my next phone upgrade,neutral
So excited for the weekend! Plans are amazing,positive
Grateful for amazing friends and family today 💕 🙌,positive
"The new update is incredible, so many great features 🙌",positive
"Fantastic experience at the restaurant, will definitely return #trending",positive
"perfect weather today, feeling blessed and happy",positive
"This made my day so much better, thank you!",positive
"Outstanding quality, worth every penny spent #trending",positive
Never again! This company does not care about customers,negative
"RT: Awful food, cold and tasteless, total disappointment",negative
"So happy with my purchase, fast delivery too! 🙌",positive
"Broken on arrival, no return policy, total scam",negative
The meeting was rescheduled to next Tuesday,neutral
The meeting was rescheduled to next Tuesday,neutral
"This ruined my entire day, absolutely unacceptable",negative
"Brilliant solution to a complex problem, well done! #trending",positive
Amazing product! Highly recommend to everyone! 🙌,positive
"Broken on arrival, no return policy, total scam #trending",negative
RT: Looking at options for my next phone upgrade,neutral
Heading to the office today for some meetings,neutral
The office will be closed on public holidays,neutral
"This is absolutely unacceptable, I want a refund #trending",negative
"Excellent service as always, never disappoints 🙌",positive
"RT: Just finished an amazing book, totally recommend it!",positive
"Outstanding quality, worth every penny spent #trending",positive
"Very disappointed with the quality, not as described #trending",negative
"Worst experience ever, will never come back again",negative
"Outstanding quality, worth every penny spent",positive
"RT: Broken on arrival, no return policy, total scam",negative
"Awful food, cold and tasteless, total disappointment",negative
RT: Reviewing the terms and conditions of the service,neutral
"Awful food, cold and tasteless, total disappointment #trending",negative
"Perfect weather today, feeling blessed and happy 🙌",positive
Life is good when you have great people around you #trending,positive
The package is expected to arrive in 3-5 business days #trending,neutral
The quarterly report will be released next week,neutral
RT: Life is good when you have great people around you,positive
"so happy with my purchase, fast delivery too!",positive
So excited for the weekend! Plans are amazing 🙌,positive
Updating my software to the latest version,neutral
"So happy with my purchase, fast delivery too! 🙌",positive
The new model comes with updated specifications,neutral
just had the best coffee ever! loving this morning ☕😊,positive
"This product broke after one day, complete waste of money",negative
"complete failure, nothing works as advertised",negative
"brilliant solution to a complex problem, well done!",positive
"horrible app, keeps crashing every 5 minutes",negative
The meeting was rescheduled to next Tuesday,neutral
"love this app, makes my life so much easier!",positive
"So happy with my purchase, fast delivery too! 🙌",positive
"Disgusting behavior from staff, very rude and unhelpful",negative
the office will be closed on public holidays,neutral
"excellent service as always, never disappoints",positive
"awful food, cold and tasteless, total disappointment",negative
"Love this app, makes my life so much easier! #trending",positive
Checking the schedule for the upcoming events,neutral
"Awful food, cold and tasteless, total disappointment #trending",negative
grateful for amazing friends and family today 💕,positive
The store closes at 9pm on weekdays,neutral
"Poor design, difficult to use, and crashes constantly",negative
"RT: Customer support is useless, nobody answers",negative
RT: The new policy will take effect from next month,neutral
RT: Best day ever! Everything went perfectly today 🎉,positive
The office will be closed on public holidays,neutral
Traffic was normal today on the highway,neutral
just had the best coffee ever! loving this morning ☕😊,positive
comparing different plans before making a decision,neutral
"Just finished an amazing book, totally recommend it! #trending",positive
RT: Never again! This company does not care about customers,negative
"RT: Thrilled with the results, hard work pays off!",positive
Life is good when you have great people around you #trending,positive
"RT: Fantastic experience at the restaurant, will definitely return",positive
Just had the best coffee ever! Loving this morning ☕😊,positive
Amazing product! Highly recommend to everyone! 🙌,positive
RT: Reading about the latest technology developments,neutral
The new model comes with updated specifications,neutral
"Terrible customer service, waited 2 hours for help",negative
The package is expected to arrive in 3-5 business days,neutral
Reviewing the terms and conditions of the service #trending,neutral
the new policy will take effect from next month,neutral
"Disgusting behavior from staff, very rude and unhelpful",negative
RT: Reading about the latest technology developments,neutral
The new policy will take effect from next month,neutral
"Worst experience ever, will never come back again #trending",negative
"RT: This made my day so much better, thank you!",positive
just woke up and checking the news,neutral
"Fantastic experience at the restaurant, will definitely return 🙌",positive
Impressed with how fast the support team responded,positive
RT: Reading about the latest technology developments,neutral
the new model comes with updated specifications,neutral
Delivery was late and the package was damaged,negative
Life is good when you have great people around you,positive
the meeting was rescheduled to next tuesday,neutral
"Brilliant solution to a complex problem, well done! #trending",positive
"Love this app, makes my life so much easier!",positive
RT: Comparing different plans before making a decision,neutral
Never again! This company does not care about customers,negative
The new policy will take effect from next month,neutral
The weather forecast says it might rain tomorrow,neutral
The office will be closed on public holidays,neutral
The new policy will take effect from next month #trending,neutral
"The worst movie I have ever watched, total waste of time",negative
"horrible app, keeps crashing every 5 minutes",negative
RT: Grateful for amazing friends and family today 💕,positive
"Excellent service as always, never disappoints",positive
checking the schedule for the upcoming events,neutral
Life is good when you have great people around you 🙌,positive
reviewing the terms and conditions of the service,neutral
"Poor design, difficult to use, and crashes constantly",negative
"Poor design, difficult to use, and crashes constantly #trending",negative
"broken on arrival, no return policy, total scam",negative
The store closes at 9pm on weekdays #trending,neutral
Fed up with these constant delays and poor service #trending,negative
Heading to the office today for some meetings,neutral
"Terrible customer service, waited 2 hours for help",negative
traffic was normal today on the highway,neutral
"worst experience ever, will never come back again",negative
just had the best coffee ever! loving this morning ☕😊,positive
Delivery was late and the package was damaged,negative
"This made my day so much better, thank you! 🙌",positive
the new model comes with updated specifications,neutral
"Brilliant solution to a complex problem, well done! #trending",positive
RT: Never again! This company does not care about customers,negative
Delivery was late and the package was damaged,negative
just woke up and checking the news,neutral
Impressed with how fast the support team responded #trending,positive
Attended a conference on machine learning today #trending,neutral
The office will be closed on public holidays #trending,neutral
"outstanding quality, worth every penny spent",positive
"This is absolutely wonderful, exceeded all my expectations! #trending",positive
"horrible app, keeps crashing every 5 minutes",negative
"worst experience ever, will never come back again",negative
"This is absolutely unacceptable, I want a refund #trending",negative
"RT: Fantastic experience at the restaurant, will definitely return",positive
Best day ever! Everything went perfectly today 🎉 #trending,positive
"RT: Customer support is useless, nobody answers",negative
RT: Heading to the office today for some meetings,neutral
The package is expected to arrive in 3-5 business days,neutral
"This is absolutely wonderful, exceeded all my expectations! 🙌",positive
"Extremely disappointed, this did not meet basic expectations #trending",negative
RT: The new model comes with updated specifications,neutral
"very disappointed with the quality, not as described",negative
RT: Checking the schedule for the upcoming events,neutral
Reading about the latest technology developments #trending,neutral
"Thrilled with the results, hard work pays off! 🙌",positive
Heading to the office today for some meetings,neutral
RT: Fed up with these constant delays and poor service,negative
Updating my software to the latest version #trending,neutral
RT: Just had the best coffee ever! Loving this morning ☕😊,positive
reviewing the terms and conditions of the service,neutral
"RT: This is absolutely wonderful, exceeded all my expectations!",positive
The store closes at 9pm on weekdays,neutral
looking at options for my next phone upgrade,neutral
Fed up with these constant delays and poor service,negative
"Great customer service, very helpful and friendly staff 🙌",positive
"Extremely disappointed, this did not meet basic expectations #trending",negative
"Poor design, difficult to use, and crashes constantly #trending",negative
RT: Reviewing the terms and conditions of the service,neutral
"Disgusting behavior from staff, very rude and unhelpful #trending",negative
RT: Just woke up and checking the news,neutral
"Very disappointed with the quality, not as described #trending",negative
RT: Just had the best coffee ever! Loving this morning ☕😊,positive
The new policy will take effect from next month,neutral
Reviewing the terms and conditions of the service #trending,neutral
Had a regular lunch at the usual place today,neutral
Never again! This company does not care about customers,negative
"RT: The new update is incredible, so many great features",positive
"worst experience ever, will never come back again",negative
"Extremely disappointed, this did not meet basic expectations",negative
"RT: Fantastic experience at the restaurant, will definitely return",positive
"Extremely disappointed, this did not meet basic expectations",negative
"RT: Awful food, cold and tasteless, total disappointment",negative
"disgusting behavior from staff, very rude and unhelpful",negative
RT: Had a regular lunch at the usual place today,neutral
Checking the schedule for the upcoming events #trending,neutral
life is good when you have great people around you,positive
"Extremely disappointed, this did not meet basic expectations",negative
the meeting was rescheduled to next tuesday,neutral
"Fantastic experience at the restaurant, will definitely return 🙌",positive
RT: Fed up with these constant delays and poor service,negative
"The new update is incredible, so many great features #trending",positive
RT: The meeting was rescheduled to next Tuesday,neutral
"RT: Complete failure, nothing works as advertised",negative
"Brilliant solution to a complex problem, well done!",positive
Attended a conference on machine learning today,neutral
"RT: Outstanding quality, worth every penny spent",positive
"Fantastic experience at the restaurant, will definitely return #trending",positive
just had the best coffee ever! loving this morning ☕😊,positive
"Great customer service, very helpful and friendly staff 🙌",positive
"Great customer service, very helpful and friendly staff",positive
RT: So excited for the weekend! Plans are amazing,positive
comparing different plans before making a decision,neutral
Never again! This company does not care about customers,negative
"The worst movie I have ever watched, total waste of time",negative
"Broken on arrival, no return policy, total scam",negative
The quarterly report will be released next week,neutral
RT: Fed up with these constant delays and poor service,negative
The store closes at 9pm on weekdays,neutral
"The worst movie I have ever watched, total waste of time",negative
"this product broke after one day, complete waste of money",negative
RT: Looking at options for my next phone upgrade,neutral
Never again! This company does not care about customers #trending,negative
"RT: Excellent service as always, never disappoints",positive
"RT: Disgusting behavior from staff, very rude and unhelpful",negative
Attended a conference on machine learning today,neutral
Amazing product! Highly recommend to everyone! 🙌,positive
Amazing product! Highly recommend to everyone! 🙌,positive
RT: Just woke up and checking the news,neutral
Impressed with how fast the support team responded #trending,positive
"Customer support is useless, nobody answers #trending",negative
"RT: So frustrated with this company, no response to emails",negative
RT: Checking the schedule for the upcoming events,neutral
Updating my software to the latest version,neutral
"RT: Terrible customer service, waited 2 hours for help",negative
"The worst movie I have ever watched, total waste of time",negative
"Customer support is useless, nobody answers #trending",negative
RT: Reviewing the terms and conditions of the service,neutral
"So frustrated with this company, no response to emails #trending",negative
"Poor design, difficult to use, and crashes constantly",negative
"this is absolutely wonderful, exceeded all my expectations!",positive
"This is absolutely wonderful, exceeded all my expectations! #trending",positive
"this ruined my entire day, absolutely unacceptable",negative
"Brilliant solution to a complex problem, well done! #trending",positive
"The new update is incredible, so many great features",positive
"RT: Extremely disappointed, this did not meet basic expectations",negative
RT: Never again! This company does not care about customers,negative
Grateful for amazing friends and family today 💕,positive
"Very disappointed with the quality, not as described",negative
"This is absolutely unacceptable, I want a refund",negative
"Thrilled with the results, hard work pays off! 🙌",positive
The new model comes with updated specifications,neutral
Just woke up and checking the news #trending,neutral
"RT: Awful food, cold and tasteless, total disappointment",negative
"terrible customer service, waited 2 hours for help",negative
"this is absolutely unacceptable, i want a refund",negative
RT: The office will be closed on public holidays,neutral
"Customer support is useless, nobody answers",negative
RT: Reviewing the terms and conditions of the service,neutral
"Disgusting behavior from staff, very rude and unhelpful #trending",negative
"RT: Worst experience ever, will never come back again",negative
"RT: Extremely disappointed, this did not meet basic expectations",negative
RT: Reading about the latest technology developments,neutral
Reading about the latest technology developments #trending,neutral
"Worst experience ever, will never come back again",negative
"So frustrated with this company, no response to emails",negative
So excited for the weekend! Plans are amazing #trending,positive
The store closes at 9pm on weekdays #trending,neutral
"this ruined my entire day, absolutely unacceptable",negative
RT: Reading about the latest technology developments,neutral
Updating my software to the latest version #trending,neutral
The new policy will take effect from next month #trending,neutral
Never again! This company does not care about customers #trending,negative
"Very disappointed with the quality, not as described",negative
"Worst experience ever, will never come back again #trending",negative
Looking at options for my next phone upgrade,neutral
Never again! This company does not care about customers,negative
Just had the best coffee ever! Loving this morning ☕😊,positive
"Poor design, difficult to use, and crashes constantly #trending",negative
Checking the schedule for the upcoming events,neutral
The new model comes with updated specifications,neutral
Looking at options for my next phone upgrade,neutral
"This ruined my entire day, absolutely unacceptable #trending",negative
"worst experience ever, will never come back again",negative
so excited for the weekend! plans are amazing,positive
"Terrible customer service, waited 2 hours for help",negative
"RT: This is absolutely wonderful, exceeded all my expectations!",positive
RT: Had a regular lunch at the usual place today,neutral
"This is absolutely wonderful, exceeded all my expectations! #trending",positive
Delivery was late and the package was damaged,negative
"RT: This product broke after one day, complete waste of money",negative
"Poor design, difficult to use, and crashes constantly #trending",negative
"Fantastic experience at the restaurant, will definitely return 🙌",positive
"Thrilled with the results, hard work pays off! 🙌",positive
the weather forecast says it might rain tomorrow,neutral
"just finished an amazing book, totally recommend it!",positive
"brilliant solution to a complex problem, well done!",positive
RT: Comparing different plans before making a decision,neutral
The weather forecast says it might rain tomorrow #trending,neutral
"RT: This is absolutely unacceptable, I want a refund",negative
RT: Had a regular lunch at the usual place today,neutral
"Horrible app, keeps crashing every 5 minutes",negative
just woke up and checking the news,neutral
RT: Just had the best coffee ever! Loving this morning ☕😊,positive
"RT: Complete failure, nothing works as advertised",negative
The store closes at 9pm on weekdays #trending,neutral
"broken on arrival, no return policy, total scam",negative
The meeting was rescheduled to next Tuesday,neutral
Traffic was normal today on the highway #trending,neutral
"So happy with my purchase, fast delivery too! #trending",positive
"RT: So frustrated with this company, no response to emails",negative
comparing different plans before making a decision,neutral
"Great customer service, very helpful and friendly staff 🙌",positive
Life is good when you have great people around you,positive
"Worst experience ever, will never come back again",negative
Just had the best coffee ever! Loving this morning ☕😊 #trending,positive
RT: The weather forecast says it might rain tomorrow,neutral
The quarterly report will be released next week,neutral
reviewing the terms and conditions of the service,neutral
"customer support is useless, nobody answers",negative
Impressed with how fast the support team responded #trending,positive
RT: Checking the schedule for the upcoming events,neutral
Impressed with how fast the support team responded 🙌,positive
"RT: Poor design, difficult to use, and crashes constantly",negative
"Perfect weather today, feeling blessed and happy 🙌",positive
just woke up and checking the news,neutral
"very disappointed with the quality, not as described",negative
"very disappointed with the quality, not as described",negative
"RT: Broken on arrival, no return policy, total scam",negative
The new model comes with updated specifications,neutral
RT: Attended a conference on machine learning today,neutral
"terrible quality for such a high price, not worth it",negative
RT: Fed up with these constant delays and poor service,negative
The quarterly report will be released next week,neutral
"So happy with my purchase, fast delivery too! #trending",positive
The weather forecast says it might rain tomorrow,neutral
"Terrible customer service, waited 2 hours for help #trending",negative
"RT: Thrilled with the results, hard work pays off!",positive
Life is good when you have great people around you 🙌,positive
The new model comes with updated specifications #trending,neutral
"This is absolutely wonderful, exceeded all my expectations! 🙌",positive
reading about the latest technology developments,neutral
"Perfect weather today, feeling blessed and happy 🙌",positive
"Customer support is useless, nobody answers",negative
Impressed with how fast the support team responded 🙌,positive
"RT: Brilliant solution to a complex problem, well done!",positive
attended a conference on machine learning today,neutral
watched a documentary about climate change last night,neutral
"Customer support is useless, nobody answers",negative
"Broken on arrival, no return policy, total scam #trending",negative
So excited for the weekend! Plans are amazing #trending,positive
RT: So excited for the weekend! Plans are amazing,positive
RT: The office will be closed on public holidays,neutral
So excited for the weekend! Plans are amazing #trending,positive
"RT: This product broke after one day, complete waste of money",negative
amazing product! highly recommend to everyone!,positive
Amazing product! Highly recommend to everyone!,positive
Never again! This company does not care about customers,negative
the office will be closed on public holidays,neutral
Updating my software to the latest version,neutral
"Great customer service, very helpful and friendly staff #trending",positive
"RT: Terrible customer service, waited 2 hours for help",negative
"Disgusting behavior from staff, very rude and unhelpful #trending",negative
RT: The store closes at 9pm on weekdays,neutral
"This product broke after one day, complete waste of money",negative
"RT: Horrible app, keeps crashing every 5 minutes",negative
"RT: Broken on arrival, no return policy, total scam",negative
The store closes at 9pm on weekdays,neutral
"excellent service as always, never disappoints",positive
So excited for the weekend! Plans are amazing,positive
Checking the schedule for the upcoming events,neutral
"Poor design, difficult to use, and crashes constantly",negative
"Complete failure, nothing works as advertised #trending",negative
RT: The package is expected to arrive in 3-5 business days,neutral
"worst experience ever, will never come back again",negative
Looking at options for my next phone upgrade #trending,neutral
RT: Reading about the latest technology developments,neutral
heading to the office today for some meetings,neutral
Amazing product! Highly recommend to everyone!,positive
Heading to the office today for some meetings,neutral
RT: Watched a documentary about climate change last night,neutral
just had the best coffee ever! loving this morning ☕😊,positive
The new model comes with updated specifications,neutral
"this ruined my entire day, absolutely unacceptable",negative
Comparing different plans before making a decision,neutral
the quarterly report will be released next week,neutral
RT: The quarterly report will be released next week,neutral
"fantastic experience at the restaurant, will definitely return",positive
"This is absolutely unacceptable, I want a refund #trending",negative
the package is expected to arrive in 3-5 business days,neutral
Fed up with these constant delays and poor service,negative
RT: Never again! This company does not care about customers,negative
"Great customer service, very helpful and friendly staff 🙌",positive
RT: Comparing different plans before making a decision,neutral
grateful for amazing friends and family today 💕,positive
"awful food, cold and tasteless, total disappointment",negative
RT: So excited for the weekend! Plans are amazing,positive
RT: Attended a conference on machine learning today,neutral
Attended a conference on machine learning today #trending,neutral
Reviewing the terms and conditions of the service,neutral
"Very disappointed with the quality, not as described #trending",negative
"excellent service as always, never disappoints",positive
Reading about the latest technology developments,neutral
best day ever! everything went perfectly today 🎉,positive
RT: Just woke up and checking the news,neutral
Amazing product! Highly recommend to everyone! 🙌,positive
life is good when you have great people around you,positive
Delivery was late and the package was damaged,negative
Reading about the latest technology developments #trending,neutral
So excited for the weekend! Plans are amazing,positive
"broken on arrival, no return policy, total scam",negative
The store closes at 9pm on weekdays,neutral
The store closes at 9pm on weekdays,neutral
"RT: Broken on arrival, no return policy, total scam",negative
The meeting was rescheduled to next Tuesday,neutral
Grateful for amazing friends and family today 💕,positive
"Horrible app, keeps crashing every 5 minutes #trending",negative
"just finished an amazing book, totally recommend it!",positive
the package is expected to arrive in 3-5 business days,neutral
The new model comes with updated specifications,neutral
"very disappointed with the quality, not as described",negative
"just finished an amazing book, totally recommend it!",positive
"Poor design, difficult to use, and crashes constantly",negative
"Fantastic experience at the restaurant, will definitely return #trending",positive
Updating my software to the latest version #trending,neutral
"Poor design, difficult to use, and crashes constantly",negative
"Broken on arrival, no return policy, total scam #trending",negative
"Complete failure, nothing works as advertised #trending",negative
"extremely disappointed, this did not meet basic expectations",negative
Just had the best coffee ever! Loving this morning ☕😊,positive
